IMO/LR/IHS No.;Name of Ship;Aux. Engine Builder;Aux. Engine Design;Aux. Engine Model;Aux. Engine Stroke Type;Aux. Engine Total KW;Breadth;Breadth Extreme;Breadth Moulded;Built;Cabins;Callsign;Class;Country of Build;Deadweight;Delivery Date;Depth;Displacement;DOC Company;DOC Company Code;Docking Survey;Draught;Engine Bore;Engine Builder;Engine Cylinders;Engine Design;Engine Model;Engine Stroke;Engine Stroke Type;Engine Type;Engines Number;Engines RPM;Flag;Fuel Capacity 1;Fuel Capacity 2;Fuel Consumption Main Engines;Fuel Consumption Total;Fuel Type 1;Fuel Type 2;Gas Capacity;Group Owner;Group Owner Code;GT;Keel Laid;Keel To Mast Height;Last Update;Launch Date;Length;MMSI;Operator;Operator Code;Order Date;Propulsion Type;Reefer Points;Registered Owner;Registered Owner Code;RORO Lanes Number;Sale Date;Sale Price (US$);Segregated Ballast Capacity;Service Speed;Ship Type;Ship Type Group;Shipbuilder;Shipbuilder Code;Shipmanager;Shipmanager Code;Status;Technical Manager;Technical Manager Code;TEU;Year
5011705;ALLEANZA;;;;;;6,00;6,050;6,000;1945-00;0;;;Italy;460;1945-00;2,7;0;  Unknown;9991001;;2,400;145;IVECO AIFO S.p.A. - Pregnana Milanese;8;Iveco Aifo;8281.M03;130;4;Oil;1;;Italy;0,00;0,00;0,00;0,00;Yes, But Type Not Known;Not Applicable;0;  Unknown;9991001;161;;0,000;2016-02-29;;34,290;;Foti E;1242049;1943-00;Oil Engine(s), Geared Drive;0;Foti E;1242049;0;;;0;8,00;Water Tanker;;Ansaldo Genoa;ITL002015;Foti E;1242049;In Service/Commission;Foti E;1242049;0;1945
5080093;SINDACO MALVITO V;;;;;;8,60;8,690;8,600;1958-08;0;IRIR;RI;Germany, Federal Republic Of;774;1958-08;3,74;1210;  Unknown;9991001;20190707;3,513;320;Kloeckner-Humboldt-Deutz AG - West Germany;6;Deutz;RBV6M545;450;4;Oil;1;330;Italy;56,00;0,00;0,00;2,50;Distillate Fuel;Not Applicable;0;Vetor Srl;0617908;490;1957-12;0,000;2018-04-05;1958-05;58,670;247223300;Vetor Srl;0617908;1956-12;Oil Engine(s), Direct Drive;0;Vetor Srl;0617908;0;;;0;10,50;Water Tanker;;Kremer Elmshorn;GFR023019;Vetor Srl;0617908;In Service/Commission;Vetor Srl;0617908;0;1958
5270181;ILIAS P;;;;;;5,97;6,020;5,970;1946-00;0;;;Italy;224;1946-00;2,7;0;  Unknown;9991001;;2,401;265;SA Ansaldo - Italy;3;Ansaldo;;410;4;Oil;1;;Unknown;9,00;0,00;0,00;1,00;Distillate Fuel;Not Applicable;0;  Unknown;9991001;150;;0,000;2017-09-08;;32,360;;Rptd Sold Undisclosed Interest;9991942;1944-00;Oil Engine(s), Direct Drive;0;Rptd Sold Undisclosed Interest;9991942;0;;;0;8,50;Water Tanker;;Ansaldo Genoa;ITL002015;Rptd Sold Undisclosed Interest;9991942;In Service/Commission;  Unknown;9991001;0;1946
5271367;NECOM;;;;;;9,91;10,240;9,910;1961-05;0;ILJN;RI;United Kingdom;1519;1961-05;5,88;2328;Vetor Srl;0617908;20180715;5,196;340;Nydqvist & Holm AB - Sweden;4;Polar;MN14S;570;2;Oil;1;;Italy;58,00;0,00;0,00;3,00;Distillate Fuel;Not Applicable;0;Vetor Srl;0617908;922;;0,000;2018-12-13;;65,660;247223700;Vetor Srl;0617908;1959-05;Oil Engine(s), Direct Drive;0;Vetor Srl;0617908;0;;;0;11,50;Water Tanker;;Blyth Dry Docks;GBI009038;Vetor Srl;0617908;In Service/Commission;Vetor Srl;0617908;0;1961
5297610;ALCIDE;;;;;;5,77;5,820;5,770;1960-00;0;IQYB;RI;Netherlands;250;1960-00;2,65;0;  Unknown;9991001;20180130;2,310;130;Kloeckner-Humboldt-Deutz AG - West Germany;4;Deutz;;170;4;Oil;2;;Italy;7,50;0,00;0,00;0,50;Yes, But Type Not Known;Not Applicable;0;  Unknown;9991001;142;;0,000;2018-02-14;;34,960;;Labromare Srl;1770353;1958-00;Oil Engine(s), Direct Drive;0;Labromare Srl;1770353;0;;;0;7,75;Water Tanker;;Niestern's Groningen;NTH250046;Labromare Srl;1770353;In Service/Commission;Labromare Srl;1770353;0;1960
5313892;SAQQA;;;;;;8,28;8,280;0,000;1963-00;0;;;Pakistan;259;1963-09;0;443;  Unknown;9991001;;2,001;235;Maschinenbau Augsburg-Nuernberg (MAN) - Augsburg;6;MAN;G6V235/330ATL;330;4;Oil;1;;Pakistan;22,00;0,00;0,00;0,00;Distillate Fuel;Not Applicable;0;Pakistan Govt;0671632;209;1962-03;15,000;2018-10-12;;39,910;;Pakistan Govt;0671632;1961-00;Oil Engine(s), Direct Drive;0;Karachi Port Trust;0045510;0;;;0;9,00;Water Tanker;;Karachi Shipyard & Engineering;PAK001015;Karachi Port Trust;0045510;In Service/Commission;Karachi Port Trust;0045510;0;1963
5323407;SHINKO MARU;;;;;;6,00;6,020;6,000;1960-00;0;;;Japan;220;1960-00;2,63;0;  Unknown;9991001;;2,100;310; - Japan ;4;;;380;2;Oil;1;;Korea, South;0,00;0,00;0,00;0,00;Yes, But Type Not Known;Not Applicable;0;  Unknown;9991001;120;;0,000;2009-06-15;;30,000;;Rptd Sold Korea S;9992296;1958-00;Oil Engine(s), Direct Drive;0;Rptd Sold Korea S;9992296;0;;;0;0,00;Water Tanker;;Hashihama Shbldg - Imabari;JPN074246;Rptd Sold Korea S;9992296;In Service/Commission;  Unknown;9991001;0;1960
5359951;PALMAROLA;;;;;;9,45;9,480;9,450;1962-07;0;INBJ;RI;Norway;899;1962-07;4,05;0;  Unknown;9991001;20190714;3,693;320;Kloeckner-Humboldt-Deutz AG - West Germany;6;Deutz;RBV6M545;450;4;Oil;1;380;Italy;0,00;0,00;0,00;0,00;Yes, But Type Not Known;Not Applicable;0;Vetor Srl;0617908;583;1961-12;0,000;2018-02-14;1962-04;62,060;247223500;Vetor Srl;0617908;1959-01;Oil Engine(s), Direct Drive;0;Vetor Srl;0617908;0;;;0;12,00;Water Tanker;;Soviknes Verft AS;NOR117049;Vetor Srl;0617908;In Service/Commission;Vetor Srl;0617908;0;1962
5371416;TWEED;;;;;;6,86;6,860;0,000;1959-00;0;9YBU;;Trinidad & Tobago;299;1959-00;2,74;0;  Unknown;9991001;;0,000;108;Detroit Diesel Corporation - Detroit, Mi;6;G.M. (Detroit Diesel);6V-71;127;2;Oil;1;;Trinidad & Tobago;0,00;0,00;0,00;0,00;Distillate Fuel;Not Applicable;0;Coloured Fin Ltd;1774121;122;1958-04;0,000;2018-10-12;1958-10;34,290;;Coloured Fin Ltd;1774121;1957-00;Oil Engine(s), Geared Drive;0;Coloured Fin Ltd;1774121;0;;;0;8,00;Water Tanker;;Furness Trinidad;TRI001135;Coloured Fin Ltd;1774121;In Service/Commission;Coloured Fin Ltd;1774121;0;1959
5426637;MARIANNA;;;;;;5,97;6,000;5,970;1946-01;0;IVGU;;Italy;477;1946-01;2,7;0;  Unknown;9991001;;2,496;130;Isotta Fraschini SpA - Italy;12;V.M.;1312MHI;140;4;Oil;1;;Italy;9,00;0,00;0,00;1,00;Yes, But Type Not Known;Not Applicable;0;  Unknown;9991001;167;;0,000;2016-02-29;;35,920;;Armatoriale Trasporti;0738011;1944-01;Oil Engine(s), Geared Drive;0;Armatoriale Trasporti;0738011;0;;;0;8,50;Water Tanker;;Ansaldo Genoa;ITL002015;Armatoriale Trasporti;0738011;In Service/Commission;Armatoriale Trasporti;0738011;0;1946
6405771;BOCAC;;;;;;6,70;6,740;6,700;1955-00;0;9A6196;CS;Yugoslavia;255;1955-00;2,8;0;  Unknown;9991001;;2,591;127;Saab-Scania AB - Sweden;6;Scania;D11;145;4;Oil;2;1800;Croatia;2,50;0,00;0,00;0,00;Distillate Fuel;Not Applicable;0;  Unknown;9991001;149;;0,000;2015-10-02;;33,580;;Naraplov doo;5087271;1953-00;Oil Engine(s), Geared Drive;0;Naraplov doo;5087271;0;;;0;0,00;Water Tanker;;Titovo Brodogradiliste;YUG005010;Naraplov doo;5087271;In Service/Commission;Naraplov doo;5087271;0;1955
6407925;HATSUMIZU MARU;;;;;;7,70;0,000;7,700;1964-00;0;;;Japan;226;1964-01;3,1;0;  Unknown;9991001;;2,450;200;Fuji Diesel Co Ltd - Japan;6;Fuji;;240;4;Oil;1;;Unknown;0,00;0,00;0,00;0,00;Yes, But Type Not Known;Not Applicable;0;  Unknown;9991001;176;1963-09;4,000;2012-08-04;1963-12;26,340;;Rptd Sold Undisclosed Interest;9991942;1962-00;Oil Engine(s), Direct Drive;0;Rptd Sold Undisclosed Interest;9991942;0;;;0;0,00;Water Tanker;;Osaka Shipbuilding Co Ltd;JPN029011;Rptd Sold Undisclosed Interest;9991942;In Service/Commission;  Unknown;9991001;0;1964
6717526;ROSANNA A;;;;;;11,41;11,510;11,410;1967-07;0;ILTL;RI;Italy;1312;1967-08;4,02;0;Vetor Srl;0617908;20180703;3,688;320;SA Ansaldo Stabilimento Meccaniche - Italy;8;Ansaldo;Q320/8RS;420;4;Oil;1;;Italy;0,00;0,00;0,00;0,00;Yes, But Type Not Known;Not Applicable;0;Vetor Srl;0617908;958;1965-09;0,000;2018-04-05;1966-06;63,000;247508000;Vetor Srl;0617908;1964-07;Oil Engine(s), Direct Drive;0;Vetor Srl;0617908;0;;;0;0,00;Water Tanker;;Mediterraneo Genoa;ITL051016;Vetor Srl;0617908;In Service/Commission;Vetor Srl;0617908;0;1967
6808791;ENTUS;;;;;;8,97;9,000;8,970;1968-07;0;T8A2313;;Germany, Federal Republic Of;1100;1986-00;4,02;0;  Unknown;9991001;;3,531;320;Atlas-MaK Maschinenbau GmbH - Kiel;9;MaK;9M451AK;450;4;Oil;1;;Palau;0,00;0,00;0,00;0,00;Yes, But Type Not Known;Not Applicable;0;  Unknown;9991001;499;;0,000;2018-10-19;;62,590;511345000;Petronav Carriers LLC;5925763;1964-12;Oil Engine(s), Direct Drive;0;Entus Marine Ltd;5925746;0;;;0;11,00;Water Tanker;;Bayerische;GFR003026;Petronav Carriers LLC;5925763;In Service/Commission;Petronav Carriers LLC;5925763;0;1968
6821793;SAN GIACOMO;;;;;;7,98;8,010;7,980;1968-00;0;INDK;RI;Italy;791;1968-00;3,2;0;  Unknown;9991001;20200315;1,988;120;Kloeckner-Humboldt-Deutz AG - West Germany;12;Deutz;F12L714;140;4;Oil;1;1800;Italy;0,00;0,00;0,00;0,00;Yes, But Type Not Known;Not Applicable;0;Rimorchiatori Riuniti SpA;0274541;406;;0,000;2018-04-05;;45,500;247036900;Rimorchiatori Salerno;1888686;1966-00;Oil Engine(s), Geared Drive;0;Rimorchiatori Salerno;1888686;0;;;0;0,00;Water Tanker;;Sgorbini;ITL022025;Rimorchiatori Salerno;1888686;In Service/Commission;Rimorchiatori Salerno;1888686;0;1968
6826418;PRAIANO;;;;;;10,98;11,030;10,980;1968-02;0;IBFU;RI;Italy;2426;1975-00;5,01;0;Marnavi Edible Srl;5765111;20171031;4,390;320;Motoren Werke Mannheim AG (MWM) - West Germany;8;MWM;TBD484-8U;480;4;Oil;1;375;Italy;0,00;0,00;0,00;0,00;Yes, But Type Not Known;Not Applicable;0;Marnavi SpA;0731472;1397;;0,000;2018-04-03;;88,090;247531000;Marnavi SpA;0731472;1964-07;Oil Engine(s), Direct Drive;0;Marnavi SpA;0731472;0;;;0;11,00;Water Tanker;;Solimano;ITL062014;Marnavi SpA;0731472;In Service/Commission;Marnavi Edible Srl;5765111;0;1968
6828911;EUGENIA;;;;;;13,45;13,470;13,450;1969-03;0;5NTI;;Germany, Federal Republic Of;3501;1969-00;6,75;0;  Unknown;9991001;;5,689;400;Maschinenbau Augsburg-Nuernberg (MAN) - Augsburg;8;MAN;G8V40/60;600;4;Oil;1;;Nigeria;245,00;0,00;0,00;8,00;Residual Fuel;Not Applicable;0;  Unknown;9991001;2211;;0,000;2012-11-27;;93,900;;PDOS Continental Resources Ltd;5590344;1966-02;Oil Engine(s), Direct Drive;0;PDOS Continental Resources Ltd;5590344;0;;;0;12,50;Water Tanker;;Lindenau P. Kiel;GFR089021;PDOS Continental Resources Ltd;5590344;In Service/Commission;  Unknown;9991001;0;1969
6854790;INGUR;;;;;;6,51;6,510;0,000;1962-00;0;USJA;;U.S.S.R.;214;1962-00;3;392;  Unknown;9991001;;1,930;150;Barnaultransmash - Barnaul;12;Barnaultransmash;3D12A;180;4;Oil;1;;Ukraine;0,00;0,00;0,00;0,00;Distillate Fuel;Not Applicable;0;Sea Commercial Port Illichivsk;1346029;230;;0,000;2017-01-27;;41,100;;Sea Commercial Port Illichivsk;1346029;1960-00;Oil Engine(s), Geared Drive;0;Sea Commercial Port Illichivsk;1346029;0;;;0;11,00;Water Tanker;;490 Ilyichyovsk;USR027041;Sea Commercial Port Illichivsk;1346029;In Service/Commission;Sea Commercial Port Illichivsk;1346029;0;1962
6856310;MASHINIST;;;;;;7,62;7,620;0,000;1957-07;0;;RR;U.S.S.R.;164;1957-00;4,1;449;  Unknown;9991001;;3,480;0;Unknown;;;;0;;Reciprocatng;1;;Russia;0,00;0,00;0,00;0,00;Residual Fuel;Not Applicable;0;Port Fleet Ltd;1843058;239;;0,000;2017-01-27;;32,520;;Port Fleet Ltd;1843058;1955-07;Steam Recip(s), Direct Drive;0;Port Fleet Ltd;1843058;0;;;0;0,00;Water Tanker;;Petrozavod;USR026048;Port Fleet Ltd;1843058;In Service/Commission;Port Fleet Ltd;1843058;0;1957
6872508;MONOLIT;;;;;;7,62;7,620;0,000;1958-03;0;;;German Democratic Republic;270;1958-03;3,51;578;  Unknown;9991001;;3,229;240;"VEB Schwermaschinenbau ""Karl Liebknecht"" (SKL) - Magdeburg";8;S.K.L.;8NVD36;360;4;Oil;1;;Unknown;45,00;0,00;0,00;0,00;Distillate Fuel;Not Applicable;0;Monolit-D Ltd;5134871;305;;0,000;2018-08-20;;43,080;;Monolit-D Ltd;5134871;1956-03;Oil Engine(s), Direct Drive;0;Monolit-D Ltd;5134871;0;;;0;8,50;Water Tanker;;Elbewerft;GDR008017;Monolit-D Ltd;5134871;In Service/Commission;Monolit-D Ltd;5134871;0;1958
6920850;CHOKEKITTIPHON;;;;;;10,01;10,040;10,010;1969-00;0;;;Japan;1416;1969-00;4,81;1865;  Unknown;9991001;;4,331;320;Kobe Hatsudoki Seizosho - Japan;6;Kobe;6EBFHS;460;4;Oil;1;;Unknown;15,50;17,50;0,00;1,50;Distillate Fuel;Residual Fuel;0;  Unknown;9991001;695;;0,000;2017-01-27;;61,320;;Sriwichai Navi Co Ltd;5224454;1967-00;Oil Engine(s), Direct Drive;0;Sriwichai Navi Co Ltd;5224454;0;;;0;10,50;Molasses Tanker;;Kanmon;JPN101011;Sriwichai Navi Co Ltd;5224454;In Service/Commission;  Unknown;9991001;0;1969
7000542;IGEA;;;;;;6,25;6,660;6,250;1969-00;0;IMDZ;;Italy;250;1969-00;2,6;360;  Unknown;9991001;;2,150;137;IVECO AIFO S.p.A. - Pregnana Milanese;6;Iveco Aifo;8210M;156;4;Oil;1;2000;Italy;0,00;0,00;0,00;0,00;Yes, But Type Not Known;Not Applicable;0;  Unknown;9991001;154;;0,000;2017-01-27;;31,960;;Palermo Porto;0262724;1967-00;Oil Engine(s), Geared Drive;0;Palermo Porto;0262724;0;;;0;7,00;Water Tanker;;Cassaro;ITL041018;Palermo Porto;0262724;In Service/Commission;  Unknown;9991001;0;1969
7006338;ARISTON;;;;;;11,00;11,030;11,000;1970-05;0;IWYT;RI;Italy;1820;1970-00;5,01;0;Marnavi Edible Srl;5765111;20201006;4,611;320;Motoren Werke Mannheim AG (MWM) - West Germany;8;MWM;TBD484-8;480;4;Oil;1;375;Italy;0,00;0,00;0,00;0,00;Yes, But Type Not Known;Not Applicable;0;Marnavi SpA;0731472;1104;;0,000;2018-04-05;;68,920;247559000;Marnavi SpA;0731472;1966-03;Oil Engine(s), Direct Drive;0;Marnavi SpA;0731472;0;;;201;12,00;Water Tanker;;Solimano;ITL062014;Marnavi SpA;0731472;In Service/Commission;Marnavi Edible Srl;5765111;0;1970
7011060;RODNIK;;;;;;9,30;9,330;9,300;1971-07;0;;;Greece;1200;1973-00;4,4;1616;  Unknown;9991001;;3,995;320;Motoren Werke Mannheim AG (MWM) - West Germany;6;MWM;TBD484-6;480;4;Oil;1;375;Ukraine;0,00;0,00;0,00;0,00;Yes, But Type Not Known;Not Applicable;0;Odessa Commercial Port;1395433;709;;0,000;2017-01-27;;63,710;272009400;Odessa Commercial Port;1395433;1969-07;Oil Engine(s), Direct Drive;0;Odessa Commercial Port;1395433;0;;;0;0,00;Water Tanker;;Argo Piraeus;GRC002017;Odessa Commercial Port;1395433;In Service/Commission;Odessa Commercial Port;1395433;0;1971
7038628;JERANTO;;;;;;12,40;12,450;12,400;1971-03;0;IVZH;RI;France;2171;1971-03;5,59;3002;Marnavi Edible Srl;5765111;20191031;4,820;450;Atlas-MaK Maschinenbau GmbH - Kiel;6;MaK;6MU551AK;550;4;Oil;1;;Italy;120,00;0,00;0,00;0,00;Distillate Fuel;Not Applicable;0;Marnavi SpA;0731472;1430;1970-05;0,000;2018-04-03;1970-11;81,310;247381000;Marnavi SpA;0731472;1970-03;Oil Engine(s), Direct Drive;0;Marnavi SpA;0731472;0;;;516;13,00;Water Tanker;;La Rochelle-Pallice Nouvelle;FRA013063;Marnavi SpA;0731472;In Service/Commission;Marnavi Edible Srl;5765111;0;1971
7105691;ANTONELLO;;;;;;11,59;11,710;11,590;1971-06;0;IKVS;RI;Netherlands;1694;1971-06;4,6;0;Marnavi Edible Srl;5765111;20180401;4,172;320;Kloeckner-Humboldt-Deutz AG - West Germany;8;Deutz;RBV8M545;450;4;Oil;1;350;Italy;148,00;0,00;0,00;0,00;Distillate Fuel;Not Applicable;0;Marnavi SpA;0731472;1070;1970-12;0,000;2018-04-05;1971-04;70,110;247422000;Marnavi SpA;0731472;1969-12;Oil Engine(s), Direct Drive;0;Marnavi SpA;0731472;0;;;535;11,50;Water Tanker;;Nieuwe Noord Nederland Nv;NTH060024;Marnavi SpA;0731472;In Service/Commission;Marnavi Edible Srl;5765111;0;1971
7128899;STELLA DI LIPARI;;;;;;12,10;12,300;12,100;1972-09;0;IPNP;RI;Italy;2137;1972-09;5,62;0;Marnavi Edible Srl;5765111;20200427;5,240;450;MaK Maschinenbau GmbH - Kiel;6;MaK;6M551AK;550;4;Oil;1;375;Italy;0,00;0,00;0,00;10,00;Distillate Fuel;Not Applicable;0;Marnavi SpA;0731472;1520;1971-07;0,000;2018-04-03;1971-11;80,520;247450000;Marnavi SpA;0731472;1970-07;Oil Engine(s), Geared Drive;0;Marnavi SpA;0731472;0;;;574;13,50;Water Tanker;;Pietra Ligure Cantiere Navale;ITL036010;Marnavi SpA;0731472;In Service/Commission;Marnavi Edible Srl;5765111;0;1972
7218620;GENERAL ISMET GAYIBOV;;;;;;11,97;12,040;11,970;1972-00;0;4JAP;RS;U.S.S.R.;1660;1972-00;5,34;0;  Unknown;9991001;;4,652;430;CKD Praha - Praha;8;Skoda;8DR43/61-V1;610;2;Oil;1;250;Azerbaijan;126,00;0,00;0,00;7,50;Distillate Fuel;Not Applicable;0;Azerbaijan Caspian Shipping;0555540;1611;;0,000;2017-10-05;;83,550;423178100;Specialized Sea Oil Fleet;5493171;1969-01;Oil Engine(s), Direct Drive;0;Specialized Sea Oil Fleet;5493171;0;;;0;13,50;Water Tanker;;Zaliv;USR038050;Specialized Sea Oil Fleet;5493171;Laid-Up;Specialized Sea Oil Fleet;5493171;0;1972
7218759;SWISSCO SUPPLY;Lister;Lister;;;40;9,15;9,200;9,150;1972-00;0;;;Singapore;406;1972-09;3,97;0;  Unknown;9991001;;2,774;137;Caterpillar Inc - USA;8;Caterpillar;3408TA;152;4;Oil;2;2100;Unknown;20,00;0,00;0,00;1,00;Distillate Fuel;Not Applicable;0;  Unknown;9991001;277;1971-11;15,239;2015-09-29;;31,700;;Rptd Sold Undisclosed Interest;9991942;1970-00;Oil Engine(s), Geared Drive;0;Rptd Sold Undisclosed Interest;9991942;0;;;0;4,00;Water Tanker;;Westbank Shipyard Pte Ltd;SNG007015;Rptd Sold Undisclosed Interest;9991942;In Service/Commission;  Unknown;9991001;0;1972
7312610;LINDOS;;;;;;10,98;11,000;10,980;1973-04;0;SV8029;;Japan;1740;1973-04;5,41;0;  Unknown;9991001;;4,787;280;Hanshin Nainenki Kogyo - Japan;6;Hanshin;6LUN28;480;4;Oil;1;385;Greece;0,00;0,00;0,00;0,00;Yes, But Type Not Known;Not Applicable;0;Boufis A;1804373;499;1973-01;0,000;2012-09-11;1973-02;68,000;237500000;Boufis A;1804373;1970-02;Oil Engine(s), Direct Drive;0;Arkadiki Naftiki;5051450;0;;;0;11,50;Water Tanker;;Asakawa;JPN053015;Boufis A;1804373;In Service/Commission;  Unknown;9991001;0;1973
7340796;RMS WATERCOURSE;;;;;;7,56;7,850;7,560;1973-12;0;GSEW;;United Kingdom;300;1973-12;3,5;0;  Unknown;9991001;;2,540;222;Mirrlees Blackstone (Stamford) Ltd. - Stamford;8;Blackstone;ERS8;292;4;Oil;1;750;United Kingdom;;0,00;0,00;0,00;Yes, But Type Not Known;Not Applicable;0;Pratt AJ,A,DA&M;0000147;285;1973-01;0,000;2015-07-23;1973-05;40,100;235093292;Pratt AJ,A,DA&M;0000147;1971-12;Oil Engine(s), Geared Drive;0;Pratt AJ,A,DA&M;0000147;0;;;0;11,00;Water Tanker;;Drypool Selby;GBI031165;Pratt AJ,A,DA&M;0000147;In Service/Commission;  Unknown;9991001;0;1973
7344584;PUSHKAR;;;;;;7,61;7,650;7,610;1982-04;0;;IR;India;200;1982-04;2,62;0;  Unknown;9991001;;2,401;175;Kirloskar Oil Engines Ltd - India;8;MAN;W8V175/22M;220;4;Oil;1;;India;0,00;0,00;0,00;0,00;Yes, But Type Not Known;Not Applicable;0;India Govt;0042529;220;1973-01;0,000;2010-01-19;1979-10;36,280;;India Govt Navy;0042603;1971-09;Oil Engine(s), Geared Drive;0;India Govt Navy;0042603;0;;;0;0,00;Water Tanker;;Central Inland Water;IND013041;India Govt Navy;0042603;In Service/Commission;  Unknown;9991001;0;1982
7395739;ONDO;;;;;;12,40;0,000;12,400;1974-03;0;;;Japan;480;1974-03;2,49;0;  Unknown;9991001;;1,340;108;General Motors Corp - USA;16;G.M. (Detroit Diesel);16V-71-N;127;2;Oil;2;;Unknown;0,00;0,00;0,00;0,00;Distillate Fuel;Not Applicable;0;  Unknown;9991001;168;1973-10;0,000;2016-02-29;1973-12;25,000;;Chang Shin Enterprise;1266906;1972-03;Oil Engine(s), Geared Drive;0;Chang Shin Enterprise;1266906;0;;;0;10,50;Water Tanker;;Hikari Yokusuka;JPN338049;Chang Shin Enterprise;1266906;In Service/Commission;  Unknown;9991001;0;1974
7407465;KONOSHIMA;;;;;;10,80;0,000;10,800;1974-05;0;;;Japan;152;1974-05;2,71;0;  Unknown;9991001;;1,600;108;Detroit Diesel Corporation - Detroit, Mi;6;G.M. (Detroit Diesel);6V-71-TA;127;2;Oil;2;;Korea, South;0,00;0,00;0,00;0,00;Distillate Fuel;Not Applicable;0;  Unknown;9991001;123;1974-02;0,000;2010-03-08;1974-04;22,500;;Rptd Sold Undisclosed Interest;9991942;1972-05;Oil Engine(s), Direct Drive;0;Rptd Sold Undisclosed Interest;9991942;0;;;0;11,00;Water Tanker;;Hikari Yokusuka;JPN338049;Rptd Sold Undisclosed Interest;9991942;In Service/Commission;  Unknown;9991001;0;1974
7413220;ATHEL;;;;;;10,06;10,390;10,060;1977-02;0;9YFB;;United Kingdom;1031;1977-02;4,27;0;  Unknown;9991001;;3,963;222;Mirrlees Blackstone (Stamford) Ltd. - Stamford;6;Blackstone;ESL6MK2;292;4;Oil;2;900;Trinidad & Tobago;0,00;0,00;0,00;0,00;Yes, But Type Not Known;Not Applicable;0;  Unknown;9991001;812;1976-01;0,000;2018-10-12;1976-10;59,670;;Associated Marine Services;1841326;1974-02;Oil Engine(s), Geared Drive;0;Associated Marine Services;1841326;0;;;0;11,50;Molasses Tanker;;Richards Shbldrs - Lowestoft;GBI074035;Associated Marine Services;1841326;In Service/Commission;  Unknown;9991001;0;1977
7427180;SHOLLAR;;;;;;13,71;14,230;13,710;1976-08;0;4JMG;;United Kingdom;2695;1976-08;6,41;0;Azerbaijan Caspian Shipping;0555540;;4,719;222;Mirrlees Blackstone (Stamford) Ltd. - Stamford;16;Blackstone;ESL16MK2;292;4;Oil;1;;Azerbaijan;54,00;0,00;0,00;0,00;Distillate Fuel;Not Applicable;0;Azerbaijan Caspian Shipping;0555540;1876;1975-01;0,000;2018-12-19;1976-02;85,880;423305100;Meridian Shipping & Management;5270091;1972-09;Oil Engine(s), Geared Drive;0;Azerbaijan Caspian Shipping;0555540;0;;;0;12,00;Water Tanker;;Ferguson Bros Port Glasgow Ltd;GBI036121;Meridian Shipping & Management;5270091;Laid-Up;Azerbaijan Caspian Shipping;0555540;0;1976
7431997;DELMA;;;;;;10,01;10,220;10,010;1975-02;0;;;Netherlands;438;1975-02;2,52;0;  Unknown;9991001;;1,959;137;Caterpillar Tractor Co - USA;6;Caterpillar;D343SCAC;165;4;Oil;2;2200;Unknown;11,00;0,00;0,00;0,00;Distillate Fuel;Not Applicable;0;Royal Boat Group;1267294;281;1974-10;10,000;2013-10-15;1975-02;35,210;;Royal Boat Group;1267294;1973-02;Oil Engine(s), Geared Drive;0;Al Nahyan Z;0105611;0;;;0;7,50;Water Tanker;;Damen Hardinxveld;NTH344054;Royal Boat Group;1267294;In Service/Commission;  Unknown;9991001;0;1975
7435228;TIMSAH 1;;;;;;7,00;7,320;7,000;1980-07;0;;;Egypt;350;1980-07;3;0;  Unknown;9991001;;2,501;222;Mirrlees Blackstone (Stamford) Ltd. - Stamford;6;Blackstone;E6;292;4;Oil;1;;Egypt;0,00;0,00;0,00;0,00;Yes, But Type Not Known;Not Applicable;0;Egypt Govt;0671513;200;1975-01;0,000;2011-12-01;1976-06;38,510;;Suez Canal Authority;0104144;1974-12;Oil Engine(s), Geared Drive;0;Suez Canal Authority;0104144;0;;;0;0,00;Water Tanker;;Canal Nav Cons P.Said;EGY001046;Suez Canal Authority;0104144;In Service/Commission;  Unknown;9991001;0;1980
7435242;TIMSAH 2;;;;;;7,00;7,320;7,000;1980-07;0;;;Egypt;350;1980-07;3;0;  Unknown;9991001;;2,501;222;Mirrlees Blackstone (Stamford) Ltd. - Stamford;6;Blackstone;E6;292;4;Oil;1;;Egypt;0,00;0,00;0,00;0,00;Yes, But Type Not Known;Not Applicable;0;Egypt Govt;0671513;200;1975-01;0,000;2011-12-01;1976-07;38,510;;Suez Canal Authority;0104144;1974-12;Oil Engine(s), Geared Drive;0;Suez Canal Authority;0104144;0;;;0;0,00;Water Tanker;;Canal Nav Cons P.Said;EGY001046;Suez Canal Authority;0104144;In Service/Commission;  Unknown;9991001;0;1980
7528142;MARAWAH;;;;;;10,00;10,240;10,000;1976-05;0;;;Netherlands;950;1976-05;3,46;0;  Unknown;9991001;;2,691;137;Caterpillar Tractor Co - USA;12;Caterpillar;D348TA;165;4;Oil;2;1800;Unknown;21,50;0,00;0,00;0,00;Distillate Fuel;Not Applicable;0;Royal Boat Group;1267294;544;;0,000;2013-10-15;1976-04;49,990;;Royal Boat Group;1267294;1974-05;Oil Engine(s), Geared Drive;0;Al Nahyan Z;0105611;0;;;0;0,00;Water Tanker;;Zaan;NTH438056;Royal Boat Group;1267294;In Service/Commission;  Unknown;9991001;0;1976
7620392;NOAH 4;;;;;;9,76;0,000;9,760;1944-03;0;9BAU;AS;United States Of America;1095;1944-03;4,58;0;  Unknown;9991001;;4,112;159;Caterpillar Inc - USA;16;Caterpillar;D399;203;4;Oil;1;;Iran;30,50;0,00;0,00;0,00;Distillate Fuel;Not Applicable;0;Noah Shipping Co;0101944;490;;0,000;2015-11-23;;53,040;422323000;Noah Shipping Co;0101944;1940-01;Oil Engine(s), Geared Drive;0;Noah Shipping Co;0101944;0;;;0;11,00;Water Tanker;;Grebe;USAA42050;Noah Shipping Co;0101944;In Service/Commission;  Unknown;9991001;0;1944
7622493;AL NEEL;;;;;;6,51;0,000;6,510;1975-07;0;;;Germany, Federal Republic Of;112;1975-07;3;0;  Unknown;9991001;;2,301;137;Caterpillar Tractor Co - USA;6;Caterpillar;3406TA;165;4;Oil;2;;Saudi Arabia;0,00;0,00;0,00;0,00;Yes, But Type Not Known;Not Applicable;0;Saudi Arabia Govt;0098618;118;1975-00;0,000;2011-12-02;1975-00;28,710;;Saudi Arabia Govt;0098618;1974-12;Oil Engine(s), Geared Drive;0;Saudi Arabia Govt Coast Guard;0098635;0;;;0;12,00;Water Tanker;;Werftunion - Arminiuswerft;GFR190043;Saudi Arabia Govt Coast Guard;0098635;In Service/Commission;  Unknown;9991001;0;1975
7634678;NOAH 2;;;;;;9,75;9,760;9,750;1944-06;0;9BAV;AS;United States Of America;1095;1944-06;4,58;0;  Unknown;9991001;;4,087;159;Caterpillar Inc - USA;12;Caterpillar;D398;203;4;Oil;1;1300;Iran;25,50;0,00;0,00;0,00;Distillate Fuel;Not Applicable;0;Noah Shipping Co;0101944;490;;0,000;2015-11-23;;53,040;422324000;Noah Shipping Co;0101944;1940-01;Oil Engine(s), Geared Drive;0;Noah Shipping Co;0101944;0;;;0;10,50;Water Tanker;;Albina;USA022010;Noah Shipping Co;0101944;In Service/Commission;  Unknown;9991001;0;1944
7635567;MOLAHAULER;;;;;;11,59;11,610;11,590;1978-05;0;DYUM;;Philippines;559;1978-05;2,42;890;  Unknown;9991001;;1,683;108;General Motors-Detroit Diesel Allison Divn - USA;12;G.M. (Detroit Diesel);12V-71-N;127;2;Oil;2;;Philippines;25,00;0,00;0,00;2,00;Distillate Fuel;Not Applicable;0;  Unknown;9991001;418;1977-07;14,019;2017-01-27;1978-02;53,350;;Total Bulk;0653826;1976-05;Oil Engine(s), Geared Drive;0;Total Bulk;0653826;0;;;0;8,50;Molasses Tanker;;Cebu Shipyard & Engineering;PHI029056;Total Bulk;0653826;In Service/Commission;  Unknown;9991001;0;1978
7642247;LIMAN 4;;;;;;7,01;0,000;7,010;1938-00;0;TC5614;;Germany (Pre-1949);500;1938-00;3,5;0;  Unknown;9991001;;3,080;240;Humboldt-Deutmotoren AG - Koeln;6;Deutz;RV6M436;360;4;Oil;1;;Turkey;0,00;0,00;0,00;0,00;Yes, But Type Not Known;Not Applicable;0;Turkiye Denizcilik Isletmeleri;1111957;236;;0,000;2014-04-07;;33,430;;Turkiye Denizcilik Isletmeleri;1111957;1936-00;Oil Engine(s), Direct Drive;0;TDI Liman;0100481;0;;;0;8,00;Water Tanker;;Menzer-Werft Geesthacht;GER028016;TDI Liman;0100481;In Service/Commission;  Unknown;9991001;0;1938
7642259;LIMAN 5;;;;;;7,01;0,000;7,010;1938-00;0;TC5616;;Germany (Pre-1949);500;1938-00;3,5;0;  Unknown;9991001;;3,080;240;Humboldt-Deutmotoren AG - Koeln;6;Deutz;RV6M436;360;4;Oil;1;;Turkey;0,00;0,00;0,00;0,00;Yes, But Type Not Known;Not Applicable;0;Turkiye Denizcilik Isletmeleri;1111957;236;;0,000;2014-04-07;;33,430;;Turkiye Denizcilik Isletmeleri;1111957;1936-00;Oil Engine(s), Direct Drive;0;TDI Liman;0100481;0;;;0;8,00;Water Tanker;;Menzer-Werft Geesthacht;GER028016;TDI Liman;0100481;In Service/Commission;  Unknown;9991001;0;1938
7642261;KEMERKOY-3;;;;;;7,01;0,000;7,010;1951-05;0;TC9839;;Germany, Federal Republic Of;307;1951-05;3;0;  Unknown;9991001;;2,810;220;Waggon- u. Maschinenbau Gmbh (WUMAG) - Hamburg;6;Wumag;6Z36U;360;4;Oil;1;;Turkey;0,00;0,00;0,00;0,00;Yes, But Type Not Known;Not Applicable;0;  Unknown;9991001;216;1951-00;0,000;2017-01-24;1951-03;38,400;271010588;Rptd Sold Undisclosed Interest;9991942;1949-05;Oil Engine(s), Direct Drive;0;Rptd Sold Undisclosed Interest;9991942;0;;;0;0,00;Water Tanker;;Hitzler Jg - Gfr;GFR017024;Rptd Sold Undisclosed Interest;9991942;In Service/Commission;  Unknown;9991001;0;1951
7642869;EIN TAWOURGHA;;;;;;7,51;0,000;7,510;1977-09;0;;;Netherlands;400;1977-09;3;0;  Unknown;9991001;;2,501;180;Moteurs Duvant - France;6;Duvant;W6LSR;220;4;Oil;2;;Libya;0,00;0,00;0,00;0,00;Yes, But Type Not Known;Not Applicable;0;Libya Govt;0098459;303;1976-00;0,000;2015-05-06;1977-02;41,310;;Libya Govt;0098459;1975-09;Oil Engine(s), Geared Drive;0;Libya Govt Libyan Ports Co;0098462;0;;;0;8,75;Water Tanker;;IHC Gusto BV - Schiedam;NTH445068;Libya Govt Libyan Ports Co;0098462;In Service/Commission;  Unknown;9991001;0;1977
7643069;EIN KAA'M;;;;;;7,54;0,000;7,540;1977-07;0;;;Netherlands;400;1977-07;3;0;  Unknown;9991001;;2,501;180;Moteurs Duvant - France;6;Duvant;W6LSR;220;4;Oil;2;;Libya;0,00;0,00;0,00;0,00;Yes, But Type Not Known;Not Applicable;0;Libya Govt;0098459;303;1976-00;0,000;2015-05-06;1976-11;41,310;;Libya Govt;0098459;1975-07;Oil Engine(s), Geared Drive;0;Libya Govt Libyan Ports Co;0098462;0;;;0;8,75;Water Tanker;;IHC Gusto BV - Schiedam;NTH445068;Libya Govt Libyan Ports Co;0098462;In Service/Commission;  Unknown;9991001;0;1977
7643071;EIN EL-DABBOUSSIYA;;;;;;7,54;0,000;7,540;1977-09;0;;;Netherlands;400;1977-09;3;0;  Unknown;9991001;;2,501;180;Moteurs Duvant - France;6;Duvant;W6LSR;220;4;Oil;2;;Libya;0,00;0,00;0,00;0,00;Yes, But Type Not Known;Not Applicable;0;Libya Govt;0098459;303;1976-00;0,000;2015-05-06;1976-12;41,310;;Libya Govt;0098459;1975-09;Oil Engine(s), Geared Drive;0;Libya Govt Libyan Ports Co;0098462;0;;;0;8,75;Water Tanker;;IHC Gusto BV - Schiedam;NTH445068;Libya Govt Libyan Ports Co;0098462;In Service/Commission;  Unknown;9991001;0;1977
7643083;EIN EL-GHAZALA;;;;;;7,54;0,000;7,540;1977-07;0;;;Netherlands;400;1977-07;3;0;  Unknown;9991001;;2,501;180;Moteurs Duvant - France;6;Duvant;W6LSR;220;4;Oil;2;;Libya;0,00;0,00;0,00;0,00;Yes, But Type Not Known;Not Applicable;0;Libya Govt;0098459;303;1976-00;0,000;2015-05-06;1977-01;41,310;;Libya Govt;0098459;1975-07;Oil Engine(s), Geared Drive;0;Libya Govt Libyan Ports Co;0098462;0;;;0;8,75;Water Tanker;;IHC Gusto BV - Schiedam;NTH445068;Libya Govt Libyan Ports Co;0098462;In Service/Commission;  Unknown;9991001;0;1977
7649142;MONALINDA 81;;;;;;11,00;0,000;11,000;1974-00;0;DUNA9;;Japan;1200;1974-00;5,01;0;  Unknown;9991001;;4,301;280;Matsui Iron Works Co Ltd - Japan;6;Matsui;MS28FSC;420;4;Oil;1;;Philippines;0,00;0,00;0,00;0,00;Yes, But Type Not Known;Not Applicable;0;RBL Fishing Corp;0697682;498;;0,000;2015-05-19;;47,500;;RBL Fishing Corp;0697682;1972-00;Oil Engine(s), Direct Drive;0;RBL Fishing Corp;0697682;0;;;0;11,00;Water Tanker;;Suzuki;JPN494058;RBL Fishing Corp;0697682;In Service/Commission;  Unknown;9991001;0;1974
7702267;SUZAN;;;;;;10,01;0,000;10,010;1977-09;0;9BDE;AS;India;590;1977-09;3,03;0;  Unknown;9991001;;2,401;175;Kirloskar Oil Engines Ltd - India;8;MAN;W8V175/22B;220;4;Oil;2;1000;Iran;0,00;0,00;0,00;0,00;Yes, But Type Not Known;Not Applicable;0;  Unknown;9991001;353;1976-11;0,000;2015-11-23;1977-03;47,020;422402000;Angali MR;0619626;1975-09;Oil Engine(s), Geared Drive;0;Angali MR;0619626;0;;;0;0,00;Water Tanker;;Dhondy;IND017055;Angali MR;0619626;In Service/Commission;  Unknown;9991001;0;1977
7703053;SD WATERMAN;;;;;;7,56;7,850;7,560;1978-06;0;;;United Kingdom;300;1978-06;3,51;0;  Unknown;9991001;;2,540;222;Mirrlees Blackstone (Stamford) Ltd. - Stamford;8;Blackstone;ES8;292;4;Oil;1;;Unknown;22,00;0,00;0,00;0,00;Yes, But Type Not Known;Not Applicable;0;Altus Holdings;5645921;290;1977-05;0,000;2016-10-26;1977-11;40,110;;DSC Maritime SA;4054363;1976-06;Oil Engine(s), Geared Drive;0;DSC Maritime SA;4054363;0;;;0;10,20;Water Tanker;;Dunston Hessle;GBI032032;DSC Maritime SA;4054363;In Service/Commission;  Unknown;9991001;0;1978
7719650;RUHI;;;;;;7,83;0,000;7,830;1989-00;0;;;Bangladesh;500;1981-09;3,2;0;  Unknown;9991001;;2,900;128;MAN Nutzfahrzeuge AG - Nuernberg;10;MAN;D2840LE;142;4;Oil;2;2300;Bangladesh;0,00;0,00;0,00;0,00;Yes, But Type Not Known;Not Applicable;0;Bangladesh Govt;0671270;325;1978-11;0,000;2015-11-20;1979-10;42,020;;Chalna Port Authority;0903598;1977-09;Oil Engine(s), Geared Drive;0;Chalna Port Authority;0903598;0;;;0;10,50;Water Tanker;;Dockyard & Engineering Works;BNG006054;Chalna Port Authority;0903598;In Service/Commission;  Unknown;9991001;0;1989
7728170;AL SALAM;;;;;;7,01;0,000;7,010;1978-12;0;;;Egypt;300;1978-12;3;0;  Unknown;9991001;;2,401;165;GEC Diesels Ltd. Kelvin Marine Div. - Glasgow;6;Kelvin;TA6;184;4;Oil;2;;Egypt;0,00;0,00;0,00;0,00;Yes, But Type Not Known;Not Applicable;0;Egyptian Marine Supply;0593827;170;1978-03;0,000;2013-07-18;1978-11;36,500;;Egyptian Marine Supply;0593827;1976-12;Oil Engine(s), Geared Drive;0;Egyptian Marine Supply;0593827;0;;;0;9,00;Water Tanker;;Arab Contract.Ismailia;EGY019058;Egyptian Marine Supply;0593827;In Service/Commission;  Unknown;9991001;0;1978
7728182;ALOBOUR;;;;;;7,01;0,000;7,010;1979-02;0;;;Egypt;300;1979-02;3;0;  Unknown;9991001;;2,401;165;GEC Diesels Ltd. Kelvin Marine Div. - Glasgow;6;Kelvin;TA6;184;4;Oil;2;;Egypt;0,00;0,00;0,00;0,00;Yes, But Type Not Known;Not Applicable;0;Egyptian Marine Supply;0593827;170;1978-12;0,000;2013-07-18;1979-01;36,500;;Egyptian Marine Supply;0593827;1977-02;Oil Engine(s), Geared Drive;0;Egyptian Marine Supply;0593827;0;;;0;9,00;Water Tanker;;Arab Contract.Ismailia;EGY019058;Egyptian Marine Supply;0593827;In Service/Commission;  Unknown;9991001;0;1979
7728194;EL ARESH;;;;;;7,01;0,000;7,010;1979-07;0;;;Egypt;300;1979-07;3;0;  Unknown;9991001;;2,401;165;GEC Diesels Ltd. Kelvin Marine Div. - Glasgow;6;Kelvin;TA6;184;4;Oil;2;;Egypt;0,00;0,00;0,00;0,00;Yes, But Type Not Known;Not Applicable;0;Egyptian Marine Supply;0593827;170;1978-09;0,000;2013-07-18;1979-06;36,500;;Egyptian Marine Supply;0593827;1977-07;Oil Engine(s), Geared Drive;0;Egyptian Marine Supply;0593827;0;;;0;0,00;Water Tanker;;Arab Contract.Ismailia;EGY019058;Egyptian Marine Supply;0593827;In Service/Commission;  Unknown;9991001;0;1979
7728209;AL SADAT;;;;;;7,00;7,600;7,000;1979-08;0;;;Egypt;300;1979-08;3;0;  Unknown;9991001;;2,401;165;Kelvin Diesels Ltd. - Glasgow;6;Kelvin;TA6;184;4;Oil;2;;Egypt;0,00;0,00;0,00;0,00;Yes, But Type Not Known;Not Applicable;0;Egyptian Marine Supply;0593827;170;1978-12;0,000;2013-07-18;1979-08;36,580;;Egyptian Marine Supply;0593827;1977-08;Oil Engine(s), Geared Drive;0;Egyptian Marine Supply;0593827;0;;;0;0,00;Water Tanker;;Arab Contract.Ismailia;EGY019058;Egyptian Marine Supply;0593827;In Service/Commission;  Unknown;9991001;0;1979
7728211;ISIS;;;;;;7,21;7,500;7,210;1979-11;0;;;Egypt;500;1979-11;3,31;0;  Unknown;9991001;;2,701;165;GEC Diesels Ltd. - United Kingdom;8;Kelvin;TA8;184;4;Oil;2;;Egypt;0,00;0,00;0,00;0,00;Yes, But Type Not Known;Not Applicable;0;Egyptian Marine Supply;0593827;350;1979-02;0,000;2013-07-18;1979-09;47,500;;Egyptian Marine Supply;0593827;1977-11;Oil Engine(s), Geared Drive;0;Egyptian Marine Supply;0593827;0;;;0;9,00;Water Tanker;;Arab Contract.Ismailia;EGY019058;Egyptian Marine Supply;0593827;In Service/Commission;  Unknown;9991001;0;1979
7728223;OSIRIS;;;;;;7,21;7,500;7,210;1979-11;0;;;Egypt;500;1979-11;3,31;0;  Unknown;9991001;;2,701;165;GEC Diesels Ltd. - United Kingdom;8;Kelvin;TA8;184;4;Oil;2;;Egypt;0,00;0,00;0,00;0,00;Yes, But Type Not Known;Not Applicable;0;Egyptian Marine Supply;0593827;350;1979-02;0,000;2013-07-18;1979-10;47,500;;Egyptian Marine Supply;0593827;1977-11;Oil Engine(s), Geared Drive;0;Egyptian Marine Supply;0593827;0;;;0;0,00;Water Tanker;;Arab Contract.Ismailia;EGY019058;Egyptian Marine Supply;0593827;In Service/Commission;  Unknown;9991001;0;1979
7737731;CHUNG 801;;;;;;7,60;7,780;7,600;1976-00;0;;;Chinese Taipei;500;1976-00;3;0;  Unknown;9991001;;2,501;108;Detroit Diesel Corporation - Detroit, Mi;8;G.M. (Detroit Diesel);8V-71;127;2;Oil;1;;Chinese Taipei;0,00;0,00;0,00;0,00;Yes, But Type Not Known;Not Applicable;0;Taichung Harbor Bureau;0405194;175;;0,000;2016-02-29;;31,250;;Taichung Harbor Bureau;0405194;1974-00;Oil Engine(s), Direct Drive;0;Taichung Harbor Bureau;0405194;0;;;0;0,00;Water Tanker;;San Yang;CHT004013;Taichung Harbor Bureau;0405194;In Service/Commission;  Unknown;9991001;0;1976
7814230;10 DE DEZEMBRO;;;;;;11,51;11,590;11,510;1979-04;0;;;Netherlands;575;1979-04;2,82;0;  Unknown;9991001;;2,121;137;Caterpillar Tractor Co - USA;8;Caterpillar;3408PCTA;152;4;Oil;2;1800;Angola;35,50;0,00;0,00;0,00;Distillate Fuel;Not Applicable;0;Angola Govt;0568262;500;1978-09;11,500;2012-09-11;1979-03;53,010;;Angola Govt;0568262;1977-04;Oil Engine(s), Geared Drive;0;Angolana Cabotagem;0681815;0;;;0;10,50;Water Tanker;;Bodewes Ton Franeker Bv;NTH018054;Angolana Cabotagem;0681815;In Service/Commission;  Unknown;9991001;0;1979
7814242;11 DE NOVEMBRO;;;;;;11,51;11,590;11,510;1979-10;0;D3V2109;;Netherlands;575;1979-10;2,82;0;  Unknown;9991001;;2,112;137;Caterpillar Tractor Co - USA;8;Caterpillar;3408PCTA;152;4;Oil;2;1800;Angola;35,50;0,00;0,00;0,00;Distillate Fuel;Not Applicable;0;Angola Govt;0568262;500;1978-12;11,500;2012-09-11;1979-07;53,010;;Angola Govt;0568262;1977-10;Oil Engine(s), Geared Drive;0;Angolana Cabotagem;0681815;0;;;0;10,50;Water Tanker;;Bodewes Ton Franeker Bv;NTH018054;Angolana Cabotagem;0681815;In Service/Commission;  Unknown;9991001;0;1979
7829663;ETHI II;;;;;;6,00;6,000;0,000;1978-00;0;SV4483;;Greece;300;1978-00;3,31;0;  Unknown;9991001;;0,000;130;AB Volvo Penta - Sweden;6;Volvo Penta;TMD121;150;4;Oil;1;1800;Greece;0,00;0,00;0,00;0,00;Yes, But Type Not Known;Not Applicable;0;Hidrodotiki Group;1724120;146;;0,000;2013-10-04;;29,820;237096600;Hydrodotiki Ltd;1825578;1976-00;Oil Engine(s), Geared Drive;0;Watership Maritime Co;1102287;0;;;0;0,00;Water Tanker;;Porfyroglu;GRC067051;Hydrodotiki Ltd;1825578;In Service/Commission;  Unknown;9991001;0;1978
7910620;BEN GHASHEER;;;;;;7,00;7,620;7,000;1991-01;0;;;Egypt;300;1991-01;3;0;  Unknown;9991001;;2,682;222;Mirrlees Blackstone (Stamford) Ltd. - Stamford;6;Blackstone;ERMGR6;292;4;Oil;1;900;Libya;0,00;0,00;0,00;0,00;Yes, But Type Not Known;Not Applicable;0;Libya Govt;0098459;232;1984-03;0,000;2011-12-03;1990-03;38,320;;Libya Govt;0098459;1979-06;Oil Engine(s), Geared Drive;0;Libya Govt Ports & Maritime;0605539;0;;;0;7,00;Water Tanker;;Timsah Abu Qir (Alex);EGY004029;Libya Govt Ports & Maritime;0605539;In Service/Commission;  Unknown;9991001;0;1991
7910632;FARZOGHA;;;;;;7,00;7,620;7,000;1991-02;0;;;Egypt;300;1991-02;3;0;  Unknown;9991001;;2,682;222;Mirrlees Blackstone (Stamford) Ltd. - Stamford;6;Blackstone;ERMGR6;292;4;Oil;1;900;Libya;0,00;0,00;0,00;0,00;Yes, But Type Not Known;Not Applicable;0;Libya Govt;0098459;232;1986-10;0,000;2011-12-03;1990-05;38,320;;Libya Govt;0098459;1979-06;Oil Engine(s), Geared Drive;0;Libya Govt Ports & Maritime;0605539;0;;;0;7,00;Water Tanker;;Timsah Abu Qir (Alex);EGY004029;Libya Govt Ports & Maritime;0605539;In Service/Commission;  Unknown;9991001;0;1991
7912068;SELINA;;;;;;7,01;0,000;7,010;1979-08;0;;;Thailand;300;1979-08;3,18;0;  Unknown;9991001;;2,501;108;General Motors-Detroit Diesel Allison Divn - USA;12;G.M. (Detroit Diesel);12V-71-N;127;2;Oil;1;;Thailand;20,00;0,00;0,00;1,00;Distillate Fuel;Not Applicable;0;  Unknown;9991001;187;1978-07;3,150;2010-05-13;1979-06;31,420;;Gulf Transport;0916086;1977-08;Oil Engine(s), Direct Drive;0;Gulf Transport;0916086;0;;;0;0,00;Water Tanker;;Bangkok Shipbuilding;THA004057;Gulf Transport;0916086;In Service/Commission;  Unknown;9991001;0;1979
7928548;TANKER 231;;;;;;7,75;0,000;7,750;1986-10;0;;;Egypt;400;1986-10;3;0;  Unknown;9991001;;2,652;240;"VEB Schwermaschinenbau ""Karl Liebknecht"" (SKL) - Magdeburg";6;S.K.L.;6NVD36-1U;360;4;Oil;2;500;Egypt;0,00;0,00;0,00;0,00;Yes, But Type Not Known;Not Applicable;0;Egypt Govt;0671513;300;1980-01;0,000;2010-01-04;1981-05;42,770;;Suez Canal Authority;0104144;1978-12;Oil Engine(s), Geared Drive;0;Suez Canal Authority;0104144;0;;;0;0,00;Water Tanker;;Timsah Ismailia;EGY004015;Suez Canal Authority;0104144;In Service/Commission;  Unknown;9991001;0;1986
7946459;MURAT BEY;;;;;;7,90;0,000;7,900;1885-01;0;TC9253;;United Kingdom;579;1885-01;3,53;0;  Unknown;9991001;;0,000;0;Holeby Dieselmotor Fabrik A/S - Denmark;;B&W;;0;4;Oil;1;;Turkey;0,00;0,00;0,00;0,00;Yes, But Type Not Known;Not Applicable;0;  Unknown;9991001;291;;0,000;2019-01-03;;43,800;271010194;Erden S;1657628;1883-01;Oil Engine(s), Direct Drive;0;Erden S;1657628;0;;;0;7,00;Water Tanker;;United Kingdom Unknown;GBI000011;Erden S;1657628;In Service/Commission;  Unknown;9991001;0;1885
8017229;AYER MAWAR;;;;;;9,01;9,050;9,010;1981-06;0;;;Singapore;450;1981-06;3,15;749;  Unknown;9991001;;2,601;137;Caterpillar Tractor Co - USA;12;Caterpillar;3412T;152;4;Oil;2;1800;Unknown;0,00;0,00;0,00;0,00;Yes, But Type Not Known;Not Applicable;0;PSA Marine Pte Ltd;1837329;299;1980-07;0,000;2018-04-11;1981-04;43,010;;PSA Corp Ltd;0030367;1979-06;Oil Engine(s), Geared Drive;0;PSA Marine Pte Ltd;1837329;0;;;0;9,50;Water Tanker;;Pan-Asia Shipyard & Eng;SNG038054;PSA Marine Pte Ltd;1837329;In Service/Commission;  Unknown;9991001;0;1981
8017231;AYER MELOR;;;;;;9,01;9,050;9,010;1981-08;0;;;Singapore;450;1981-08;3,13;0;  Unknown;9991001;;2,601;137;Caterpillar Tractor Co - USA;12;Caterpillar;3412T;152;4;Oil;2;;Unknown;0,00;0,00;0,00;0,00;Yes, But Type Not Known;Not Applicable;0;PSA Marine Pte Ltd;1837329;299;1980-07;0,000;2018-04-11;1981-06;43,010;;PSA Corp Ltd;0030367;1979-08;Oil Engine(s), Geared Drive;0;PSA Marine Pte Ltd;1837329;0;;;0;9,50;Water Tanker;;Pan-Asia Shipyard & Eng;SNG038054;PSA Marine Pte Ltd;1837329;In Service/Commission;  Unknown;9991001;0;1981
8129486;OMERLI;;;;;;7,70;0,000;7,700;1987-10;0;TC5377;;Turkey;450;1987-10;3,6;0;  Unknown;9991001;;3,201;200;Sulzer Bros Ltd - Switzerland;6;Sulzer;6AL20/24;240;4;Oil;1;750;Turkey;0,00;0,00;0,00;0,00;Yes, But Type Not Known;Not Applicable;0;Turkiye Denizcilik Isletmeleri;1111957;374;1985-11;0,000;2014-04-07;1987-06;44,500;271002679;Oscar Gemi Acenteligi;5645802;1984-07;Oil Engine(s), Geared Drive;0;Turkiye Denizcilik Isletmeleri;1111957;0;;;0;0,00;Water Tanker;;Turkiye Gemi Alaybey;TRK003253;Oscar Gemi Acenteligi;5645802;In Service/Commission;Oscar Gemi Acenteligi;5645802;0;1987
8134388;LAC DE GUIERS;;;;;;6,02;6,200;6,020;1972-00;0;;;Senegal;250;1972-00;3,92;0;  Unknown;9991001;;0,000;150;Societe des Moteurs Baudouin SA - France;8;Baudouin;8DNP;150;4;Oil;1;;Senegal;0,00;0,00;0,00;0,00;Yes, But Type Not Known;Not Applicable;0;  Unknown;9991001;169;;0,000;2014-10-09;;0,000;;Dakar Port;0614951;1970-00;Oil Engine(s), Direct Drive;0;Dakar Port;0614951;0;;;0;0,00;Water Tanker;;Bel-Air;SEN003057;Dakar Port;0614951;In Service/Commission;  Unknown;9991001;0;1972
8134417;EBENE;;;;;;8,01;0,000;8,010;1971-00;0;;;Cote D'ivoire;428;1971-00;2,49;0;  Unknown;9991001;;0,000;140;Societe des Moteurs Baudouin SA - France;6;Baudouin;DK6;180;4;Oil;2;1000;Cote D'ivoire;0,00;0,00;0,00;0,00;Yes, But Type Not Known;Not Applicable;0;  Unknown;9991001;150;;0,000;2016-02-29;;32,010;;San Pedro Port;1044443;1969-00;Oil Engine(s), Geared Drive;0;San Pedro Port;1044443;0;;;0;8,00;Water Tanker;;Carena;IVC001041;San Pedro Port;1044443;In Service/Commission;  Unknown;9991001;0;1971
8134467;PELICAN;;;;;;8,01;0,000;8,010;1968-00;0;;;Cote D'ivoire;300;1968-00;2,49;0;  Unknown;9991001;;0,000;150;Societe des Moteurs Baudouin SA - France;6;Baudouin;;150;4;Oil;1;;Cote D'ivoire;0,00;0,00;0,00;0,00;Yes, But Type Not Known;Not Applicable;0;Cote d'Ivoire Govt;0932713;232;;0,000;2009-06-16;;32,010;;Cote d'Ivoire Govt Abidjan;1044620;1966-00;Oil Engine(s), Direct Drive;0;Cote d'Ivoire Govt Abidjan;1044620;0;;;0;8,25;Water Tanker;;Sfedtp;IVC003041;Cote d'Ivoire Govt Abidjan;1044620;In Service/Commission;  Unknown;9991001;0;1968
8135215;FLAGMAN;;;;;;8,01;0,000;8,010;1982-00;0;UGZH;RS;Japan;550;1982-00;3,31;730;  Unknown;9991001;;3,200;250;Akasaka Tekkosho KK (Akasaka Diesel Ltd) - Japan;6;Akasaka;6MH25SSR;400;4;Oil;1;430;Russia;26,00;0,00;0,00;0,00;Distillate Fuel;Not Applicable;0;  Unknown;9991001;325;;0,000;2018-10-30;;47,300;273443820;Ostoil OOO;6065757;1980-00;Oil Engine(s), Direct Drive;0;Ostoil OOO;6065757;0;;;0;0,00;Alcohol Tanker;;Mochizuki;JPN143013;Ostoil OOO;6065757;In Service/Commission;  Unknown;9991001;0;1982
8135617;UME MARU;;;;;;6,80;0,000;6,800;1982-05;0;JM5165;;Japan;220;1982-05;3;0;  Unknown;9991001;;2,520;0; - Japan ;;;;0;Y;Oil;1;;Japan;0,00;0,00;0,00;0,00;Yes, But Type Not Known;Not Applicable;0;  Unknown;9991001;161;;0,000;2014-09-15;1982-04;27,310;;Sasebo City;0279419;1980-05;Oil Engine(s), Direct Drive;0;Sasebo City;0279419;0;;;0;0,00;Water Tanker;;Maehata Shipbuilding & Iron;JPN269047;Sasebo City;0279419;In Service/Commission;  Unknown;9991001;0;1982
8138281;ACENTEJO;;;;;;8,21;8,230;8,210;1982-00;0;EDHO;;Canary Islands;620;1982-00;4,2;0;  Unknown;9991001;;3,606;125;Kloeckner-Humboldt-Deutz AG - West Germany;12;Deutz;BF12L513;130;4;Oil;1;2000;Spain;0,00;0,00;0,00;0,00;Yes, But Type Not Known;Not Applicable;0;Boluda Corporacion Maritima;0413061;293;;0,000;2012-05-29;;34,500;;Boluda Tankers SA;1797469;1979-01;Oil Engine(s), Geared Drive;0;Santa Cruz Autoridad Portuaria;1855991;0;;;0;6,60;Water Tanker;;Nuvasa;CNR006036;Boluda Tankers SA;1797469;In Service/Commission;  Unknown;9991001;0;1982
8203517;ALGASH;;;;;;8,01;8,110;8,010;1983-05;0;;;Germany, Federal Republic Of;226;1983-06;3;0;  Unknown;9991001;;2,252;125;Maschinenbau Augsburg-Nuernberg (MAN) - Augsburg;12;MAN;D2542MLE;142;4;Oil;1;2100;Sudan;15,50;0,00;0,00;0,00;Distillate Fuel;Not Applicable;0;Sudan Govt;0851761;115;1982-09;0,000;2018-10-12;1983-03;20,880;;Sudan Govt;0851761;1981-05;Oil Engine(s), Geared Drive;0;Sea Ports Corp;0904521;0;;;0;0,00;Water Tanker;;Jansen;GFR021016;Sea Ports Corp;0904521;In Service/Commission;  Unknown;9991001;0;1983
8215388;TANKER No. 11;;;;;;7,61;7,830;7,610;1985-06;0;;;Egypt;550;1985-06;3,76;0;  Unknown;9991001;;2,823;137;Caterpillar Tractor Co - USA;12;Caterpillar;3412TA;152;4;Oil;1;1800;Egypt;0,00;0,00;0,00;0,00;Yes, But Type Not Known;Not Applicable;0;Egypt Govt;0671513;352;1983-07;0,000;2012-09-07;1984-09;42,370;;Alexandria General Water;0572049;1983-03;Oil Engine(s), Geared Drive;0;Alexandria General Water;0572049;0;;;0;0,00;Water Tanker;;Rashid;EGY023056;Alexandria General Water;0572049;In Service/Commission;  Unknown;9991001;0;1985
8215390;TAAWON 12;;;;;;7,61;7,830;7,610;1985-07;0;;;Egypt;550;1985-07;3,76;0;  Unknown;9991001;;2,901;137;Caterpillar Tractor Co - USA;12;Caterpillar;3412TA;152;4;Oil;1;1800;Egypt;0,00;0,00;0,00;0,00;Yes, But Type Not Known;Not Applicable;0;Egypt Govt;0671513;352;1983-09;0,000;2017-05-04;1984-12;42,370;;Cooperative des Petroles;0103676;1983-03;Oil Engine(s), Geared Drive;0;Cooperative des Petroles;0103676;0;;;0;0,00;Water Tanker;;Rashid;EGY023056;Cooperative des Petroles;0103676;In Service/Commission;  Unknown;9991001;0;1985
8215405;TANKER No. 13;;;;;;7,61;7,830;7,610;1985-09;0;;;Egypt;550;1985-09;3,76;0;  Unknown;9991001;;2,823;137;Caterpillar Tractor Co - USA;12;Caterpillar;3412TA;152;4;Oil;1;1800;Egypt;0,00;0,00;0,00;0,00;Yes, But Type Not Known;Not Applicable;0;Egypt Govt;0671513;352;1984-09;0,000;2012-09-07;1985-05;42,370;;Alexandria General Water;0572049;1983-03;Oil Engine(s), Geared Drive;0;Alexandria General Water;0572049;0;;;0;0,00;Water Tanker;;Rashid;EGY023056;Alexandria General Water;0572049;In Service/Commission;  Unknown;9991001;0;1985
8219700;TANKER No. 10;;;;;;7,00;7,010;7,000;1984-07;0;;;Egypt;300;1984-08;2,85;0;  Unknown;9991001;;0,000;125;Maschinenbau Augsburg-Nuernberg (MAN) - Augsburg;12;MAN;D2542MLE;142;4;Oil;1;2100;Egypt;0,00;0,00;0,00;0,00;Yes, But Type Not Known;Not Applicable;0;Egypt Govt;0671513;207;1983-09;0,000;2009-06-16;1984-08;35,950;;Alexandria General Water;0572049;1982-07;Oil Engine(s), Geared Drive;0;Alexandria General Water;0572049;0;;;0;0,00;Water Tanker;;Alexandria Shyd.;EGY005046;Alexandria General Water;0572049;In Service/Commission;  Unknown;9991001;0;1984
8221612;QASIDAH;;;;;;8,62;0,000;8,620;1983-04;0;;;Japan;700;1983-04;3,81;0;  Unknown;9991001;;3,661;260;Niigata Engineering Co Ltd - Japan;6;Niigata;6M26AGT;460;4;Oil;1;370;Unknown;0,00;0,00;0,00;0,00;Yes, But Type Not Known;Not Applicable;0;  Unknown;9991001;457;1982-12;0,000;2012-06-11;1983-03;54,010;;Rptd Sold Undisclosed Interest;9991942;1981-04;Oil Engine(s), Direct Drive;0;Rptd Sold Undisclosed Interest;9991942;0;;;0;0,00;Alcohol Tanker;;Koa Sangyo KK - Takamatsu;JPN460053;Rptd Sold Undisclosed Interest;9991942;In Service/Commission;  Unknown;9991001;0;1983
8325846;AYER MELATI;;;;;;9,01;0,000;9,010;1984-06;0;;;Singapore;220;1984-06;3,1;749;  Unknown;9991001;;2,704;137;Caterpillar Tractor Co - USA;12;Caterpillar;3412TA;152;4;Oil;2;1800;Unknown;0,00;0,00;0,00;0,00;Yes, But Type Not Known;Not Applicable;0;PSA Marine Pte Ltd;1837329;306;1984-01;0,000;2018-04-11;1984-05;43,010;;PSA Corp Ltd;0030367;1983-12;Oil Engine(s), Geared Drive;0;PSA Marine Pte Ltd;1837329;0;;;0;12,00;Water Tanker;;Sing Koon Seng Pte Ltd;SNG014058;PSA Marine Pte Ltd;1837329;In Service/Commission;  Unknown;9991001;0;1984
8325858;AYER MANCUR;;;;;;9,01;0,000;9,010;1984-06;0;;;Singapore;220;1984-06;3,1;749;  Unknown;9991001;;2,704;137;Caterpillar Tractor Co - USA;12;Caterpillar;3412TA;152;4;Oil;2;1800;Unknown;0,00;0,00;0,00;0,00;Yes, But Type Not Known;Not Applicable;0;PSA Marine Pte Ltd;1837329;306;1984-01;9,250;2018-04-11;1984-04;43,010;;PSA Corp Ltd;0030367;1983-12;Oil Engine(s), Geared Drive;0;PSA Marine Pte Ltd;1837329;0;;;0;12,00;Water Tanker;;Sing Koon Seng Pte Ltd;SNG014058;PSA Marine Pte Ltd;1837329;In Service/Commission;  Unknown;9991001;0;1984
8327569;GIANNAKIS S;;;;;;6,00;6,000;0,000;1981-00;0;SV5649;;Greece;414;1981-00;3,31;0;  Unknown;9991001;;0,000;125;Maschinenbau Augsburg-Nuernberg (MAN) - Augsburg;6;MAN;D2566MTE;155;4;Oil;2;2100;Greece;0,00;0,00;0,00;0,00;Distillate Fuel;Not Applicable;0;Hidrodotiki Group;1724120;145;;0,000;2017-08-14;;33,300;237087400;Hydrodotiki Ltd;1825578;1979-00;Oil Engine(s), Geared Drive;0;Watership Maritime Co;1102287;0;;;0;0,00;Water Tanker;;Tzouvelekis;GRC081057;Hydrodotiki Ltd;1825578;In Service/Commission;  Unknown;9991001;0;1981
8411750;URGOZO;;;;;;6,61;0,000;6,610;1984-12;0;EDJI;;Spain;315;1984-12;3,31;0;  Unknown;9991001;;0,000;137;Caterpillar Tractor Co - USA;6;Caterpillar;3406T;165;4;Oil;1;1800;Spain;0,00;0,00;0,00;0,00;Yes, But Type Not Known;Not Applicable;0;Ibaizabal SA;0335401;170;1984-04;0,000;2012-09-03;1984-09;29,720;;Ibaizabal SA;0335401;1982-12;Oil Engine(s), Geared Drive;0;Ibaizabal SA;0335401;0;;;0;6,00;Water Tanker;;Ardeag;SPN037021;Ibaizabal SA;0335401;In Service/Commission;  Unknown;9991001;0;1984
8503266;TAKARA MARU;;;;;;9,01;0,000;9,010;1985-05;0;JL5088;;Japan;550;1985-05;3,92;0;  Unknown;9991001;;0,000;280;Akasaka Tekkosho KK (Akasaka Diesel Ltd) - Japan;6;Akasaka;DM28AKFD;460;4;Oil;1;;Japan;0,00;0,00;0,00;0,00;Yes, But Type Not Known;Not Applicable;0;  Unknown;9991001;349;1985-01;0,000;2017-07-21;1985-04;52,080;431501109;Horiuchi Kisen;0976230;1983-05;Oil Engine(s), Geared Drive;0;Horiuchi Kisen;0976230;0;;;0;0,00;Alcohol Tanker;;Shitanoe Shipbuilding Co Ltd;JPN501050;Horiuchi Kisen;0976230;In Service/Commission;  Unknown;9991001;0;1985
8608315;JHARNA;;;;;;7,80;8,100;7,800;1988-10;0;;;Bangladesh;550;1988-11;3,5;0;  Unknown;9991001;;2,900;128;MAN Nutzfahrzeuge AG - Nuernberg;10;MAN;D2840LE;142;4;Oil;2;2200;Bangladesh;0,00;0,00;0,00;0,00;Yes, But Type Not Known;Not Applicable;0;Bangladesh Govt;0671270;341;1988-04;0,000;2015-11-19;;45,000;;Chittagong Port Authority;0038963;1986-03;Oil Engine(s), Geared Drive;0;Chittagong Port Authority;0038963;0;;;0;10,50;Water Tanker;;Dockyard & Engineering Works;BNG006054;Chittagong Port Authority;0038963;In Service/Commission;  Unknown;9991001;0;1988
8647127;AL JAZEERA II;;;;;0;11,75;0,000;11,750;1978-01;0;A9D2506;BV;Greece;540;1978-01;3,2;0;  Unknown;9991001;20190907;2,410;140;Cummins Engine Co Inc - USA;6;Cummins;N-855-M;152;4;Oil;2;1800;Bahrain;120,00;0,00;2,60;3,00;Distillate Fuel;Not Applicable;0;Al Jazeera Shipping Co WLL;1225448;312;;0,000;2018-03-05;;33,000;408201000;Al Jazeera Shipping Co WLL;1225448;1975-01;Oil Engine(s), Geared Drive;0;Al Jazeera Shipping Co WLL;1225448;0;;;0;6,00;Water Tanker;;Nava;GRC063051;Al Jazeera Shipping Co WLL;1225448;In Service/Commission;Al Jazeera Shipping Co WLL;1225448;0;1978
8658190;JIN GONG SHUI 1;;;;;;9,00;0,000;9,000;1994-07;0;;;China, People's Republic Of;600;1994-07;4,3;0;  Unknown;9991001;;3,720;0;Daihatsu Diesel Manufacturing Co Lt - Japan;;Daihatsu;;0;;Oil;1;900;China, People's Republic Of;0,00;0,00;0,00;0,00;Yes, But Type Not Known;Not Applicable;0;China Marine - PetroChina;5192339;553;;0,000;2012-11-15;;49,350;;Chimbusco Tianjin;1194379;1994-01;Oil Engine(s), Geared Drive;0;Chimbusco Tianjin;1194379;0;;;0;0,00;Water Tanker;;Zhenjiang Shipyard;CHR191030;Chimbusco Tianjin;1194379;In Service/Commission;  Unknown;9991001;0;1994
8659053;HEFILA;;;;;;6,40;0,000;6,400;2012-02;0;6AIB;BV;Egypt;370;2012-02;3,45;0;  Unknown;9991001;;2,850;131;AB Volvo Penta - Sweden;6;Volvo Penta;D12MH;150;4;Oil;1;1900;Egypt;0,00;0,00;0,00;0,00;Yes, But Type Not Known;Not Applicable;0;  Unknown;9991001;192;2009-02;0,000;2016-04-22;2011-11;33,000;622147001;Port Said Stevedoring Co;4192353;2007-10;Oil Engine(s), Geared Drive;0;Port Said Stevedoring Co;4192353;0;;;0;0,00;Water Tanker;;Port Said Marine Shipyard;EGY014054;Port Said Stevedoring Co;4192353;In Service/Commission;Port Said Stevedoring Co;4192353;0;2012
8672952;SKY I;;;;;;11,05;0,000;11,050;1958-01;0;HO6669;NA;Germany, Federal Republic Of;2275;1958-01;3,4;0;  Unknown;9991001;;0,000;0;Unknown;;Caterpillar;;0;;Oil;2;;Panama;0,00;0,00;0,00;0,00;Yes, But Type Not Known;Not Applicable;0;  Unknown;9991001;1006;;0,000;2018-12-31;;109,900;;Thundersea Maritime SA;4208244;1957-01;Oil Engine(s), Geared Drive;0;Thundersea Maritime SA;4208244;0;;;0;0,00;Water Tanker;;Gutehoffnungshuette St Rh;GFR014024;Thundersea Maritime SA;4208244;In Service/Commission;  Unknown;9991001;0;1958
8674974;XIANG HAN SHOU FU 0522;;;;;;9,60;0,000;9,600;2010-10;0;;;China, People's Republic Of;943;2010-10;0;0;  Unknown;9991001;;0,000;159;Chongqing Cummins Engine Co Ltd - China;16;Cummins;KTA-50-M1;159;4;Oil;1;;China, People's Republic Of;0,00;0,00;0,00;0,00;Yes, But Type Not Known;Not Applicable;0;  Unknown;9991001;613;;0,000;2016-02-29;;63,800;;Hanshou Chengguan Shpg Co Ltd;4209861;2008-10;Oil Engine(s), Geared Drive;0;Hanshou Chengguan Shpg Co Ltd;4209861;0;;;0;0,00;Water Tanker;;Taoyuan Dewei Shipbuilding;CHRA71050;Hanshou Chengguan Shpg Co Ltd;4209861;In Service/Commission;  Unknown;9991001;0;2010
8683846;OCEAN II;;;;;;9,15;0,000;9,150;2011-05;0;;;Pakistan;474;2011-05;0;0;  Unknown;9991001;;0,000;137;Hino Motors Ltd. - Tokyo;6;Hino;EK100;150;4;Oil;2;2300;Pakistan;0,00;0,00;0,00;0,00;Yes, But Type Not Known;Not Applicable;0;Ocean Bunkers;4217211;275;2010-05;0,000;2018-10-12;;37,200;;Ocean Bunkers;4217211;2010-04;Oil Engine(s), Geared Drive;0;Ocean Bunkers;4217211;0;;;0;0,00;Water Tanker;;Star Marine Engineering Works;PAK008050;Ocean Bunkers;4217211;In Service/Commission;  Unknown;9991001;0;2011
8709212;B. B. TIRTHA;;;;;;8,00;0,000;8,000;1989-07;0;;;Korea, South;600;1989-07;3;0;  Unknown;9991001;;2,200;128;MAN Nutzfahrzeuge AG - Nuernberg;6;MAN;D2866TE;155;4;Oil;2;1800;India;0,00;0,00;0,00;0,00;Yes, But Type Not Known;Not Applicable;0;India Govt;0042529;194;1987-11;0,000;2012-09-17;1989-06;31,000;;Jawaharlal Nehru Port Trust;0951616;1987-07;Oil Engine(s), Geared Drive;0;Jawaharlal Nehru Port Trust;0951616;0;;;0;0,00;Water Tanker;;Hyundai Heavy Inds - Ulsan;KRS014060;Jawaharlal Nehru Port Trust;0951616;In Service/Commission;  Unknown;9991001;0;1989
8711837;ZAPADNYY;;;;;;14,00;14,340;14,000;1988-12;0;V3MT6;RS;Bulgaria;3297;1988-12;6,5;4389;Yugreftransflot JSC-RUS;5854521;;5,340;320;"VEB Schwermaschinenbau ""Karl Liebknecht"" (SKL) - Magdeburg";8;S.K.L.;8NVD48A-2U;480;4;Oil;1;390;Belize;123,00;0,00;0,00;0,00;Distillate Fuel;Not Applicable;0;Status Shipping SA;5875859;1896;1988-06;24,000;2018-11-02;1988-10;77,530;312786000;Yugreftransflot JSC-RUS;5854521;1985-01;Oil Engine(s), Direct Drive;0;Excel Sea Legend SA;5396962;0;;;1000;10,20;Molasses Tanker;;Ivan Dimitrov;BUL002011;Yugreftransflot JSC-RUS;5854521;In Service/Commission;Yugreftransflot JSC-RUS;5854521;0;1988
8738110;KOSUI MARU NO. 8;;;;;;9,00;0,000;9,000;2007-12;0;JD2615;;Japan;650;2007-12;3,5;0;  Unknown;9991001;;3,400;0;The Hanshin Diesel Works Ltd - Japan;;;;0;;Oil;1;;Japan;0,00;0,00;0,00;0,00;Yes, But Type Not Known;Not Applicable;0;  Unknown;9991001;197;2006-07;0,000;2011-06-25;2007-11;43,260;;Mihara Kyusui KK;0685486;2006-00;Oil Engine(s), Direct Drive;0;Mihara Kyusui KK;0685486;0;;;0;10,50;Water Tanker;;Ouchi Zosensho KK;JPN440057;Mihara Kyusui KK;0685486;In Service/Commission;  Unknown;9991001;0;2007
8774889;HANA 11;;;;;;9,55;0,000;9,550;2015-12;0;5IM786;;Iraq;820;2015-12;4;0;  Unknown;9991001;;3,090;0;Yanmar Diesel Engine Co Ltd - Japan;;Yanmar;;0;;Oil;2;;Tanzania (Zanzibar);0,00;0,00;0,00;0,00;Yes, But Type Not Known;Not Applicable;0;  Unknown;9991001;475;2015-05;0,000;2017-06-01;;44,900;677098600;KK Marine Consultants Ltd;5226402;2015-01;Oil Engine(s), Geared Drive;0;MMK Marine Services Intl;4231039;0;;;0;10,00;Water Tanker;;UR-Dock;IRQ003050;KK Marine Consultants Ltd;5226402;In Service/Commission;  Unknown;9991001;0;2015
8789822;BREEZE;;;;;;11,04;0,000;11,040;1973-01;0;;;Germany, Federal Republic Of;2659;1973-01;3;0;  Unknown;9991001;;0,000;0;Wartsila Finland Oy - Finland;;Wartsila;;0;;Oil;2;;Unknown;0,00;0,00;0,00;0,00;Yes, But Type Not Known;Not Applicable;0;  Unknown;9991001;702;;0,000;2017-09-12;;110,000;;Rptd Sold Undisclosed Interest;9991942;1972-01;Oil Engine(s), Geared Drive;0;Rptd Sold Undisclosed Interest;9991942;0;;;0;0,00;Water Tanker;;Meidericher;GFR212031;Rptd Sold Undisclosed Interest;9991942;In Service/Commission;  Unknown;9991001;0;1973
8801747;MASHIMIZU MARU;;;;;;8,60;0,000;8,600;1988-03;0;JI3348;;Japan;400;1988-03;3,81;0;  Unknown;9991001;;3,001;180;Daihatsu Diesel Manufacturing Co Lt - Japan;6;Daihatsu;6DSM-18A;230;4;Oil;1;;Japan;0,00;0,00;0,00;0,00;Yes, But Type Not Known;Not Applicable;0;Osaka-shi Kowan Kyoku;0260453;151;1987-11;0,000;2010-07-28;1988-02;29,550;;Osaka-shi Kowan Kyoku;0260453;1986-03;Oil Engine(s), Geared Drive;0;Osaka-shi Kowan Kyoku;0260453;0;;;0;0,00;Water Tanker;;Osaka Shipbuilding Co Ltd;JPN029011;Osaka-shi Kowan Kyoku;0260453;In Service/Commission;  Unknown;9991001;0;1988
8803367;FERRY MAGNO I;;;;;;7,30;0,000;7,300;1988-12;0;HKCY5;;Colombia;256;1988-12;2,1;0;  Unknown;9991001;;1,800;110;Caterpillar Inc - USA;6;Caterpillar;3126B;127;4;Oil;2;2400;Colombia;0,00;0,00;0,00;0,00;Yes, But Type Not Known;Not Applicable;0;  Unknown;9991001;153;1988-08;0,000;2017-06-09;1988-09;31,350;730151067;Invernac y Cia SAS;4228278;1986-12;Oil Engine(s), Geared Drive;0;Invernac y Cia SAS;4228278;0;;;0;0,00;Water Tanker;;Conastil;COL003051;Invernac y Cia SAS;4228278;In Service/Commission;  Unknown;9991001;0;1988
8846448;KAPETAN MRS;;;;;;7,90;0,000;7,900;1953-00;0;9A2219;CS;Yugoslavia;400;1953-00;4,17;0;  Unknown;9991001;;3,790;240;A/S Burmeister & Wain's Maskin- og Skibsbyggeri - Denmark;5;Alpha;405-24VO;400;2;Oil;1;;Croatia;0,00;0,00;0,00;0,00;Yes, But Type Not Known;Not Applicable;0;  Unknown;9991001;346;;0,000;2011-06-25;;44,250;;Karaman;1987515;1951-00;Oil Engine(s), Direct Drive;0;Karaman;1987515;0;;;0;8,50;Water Tanker;;Vicko Krstulovic Brodograd'ste;YUG007024;Karaman;1987515;In Service/Commission;  Unknown;9991001;0;1953
8846747;STIMFALIA;;;;;;10,00;0,000;10,000;1991-00;0;;;Greece;457;1991-00;4,65;0;  Unknown;9991001;;4,200;200;MAN B&W Diesel AG - Augsburg;12;MAN;12V20/27;270;4;Oil;1;1000;Greece;0,00;0,00;0,00;0,00;Yes, But Type Not Known;Not Applicable;0;Greece Govt;0073132;866;;0,000;2011-06-25;;67,000;;Greece Govt Navy;0073163;1989-00;Oil Engine(s), Geared Drive;0;Greece Govt Navy;0073163;0;;;0;11,50;Water Tanker;;Khalkis;GRC060051;Greece Govt Navy;0073163;In Service/Commission;  Unknown;9991001;0;1991
8859718;DON;;;;;;11,00;11,350;11,000;1987-12;0;;RS;U.S.S.R.;779;1987-12;4;1141;  Unknown;9991001;;2,660;142;Kloeckner-Humboldt-Deutz AG - West Germany;8;Deutz;SBA8M816;160;4;Oil;2;1800;Russia;0,00;0,00;0,00;0,00;Yes, But Type Not Known;Not Applicable;0;Port Fleet Ltd;1843058;539;;0,000;2017-01-27;;42,850;273445880;Port Fleet Ltd;1843058;1985-12;Oil Engine(s), Geared Drive;0;Port Fleet Ltd;1843058;0;;;0;7,00;Water Tanker;;Taganrogskiy;USR088050;Port Fleet Ltd;1843058;In Service/Commission;Port Fleet Ltd;1843058;0;1987
8859859;KAREL;;;;;;7,58;8,150;7,580;1991-06;0;;RS;U.S.S.R.;296;1991-06;3,6;482;  Unknown;9991001;;3,120;180;Daldizel - Khabarovsk;6;Daldizel;6CHNSP18/22;220;4;Oil;1;750;Russia;9,00;0,00;0,00;0,00;Distillate Fuel;Not Applicable;0;  Unknown;9991001;191;;0,000;2015-07-14;;29,450;;Pomor-Servis Co Ltd;5659877;1989-06;Oil Engine(s), Geared Drive;0;Pomor-Servis Co Ltd;5659877;0;;;0;7,50;Water Tanker;;Svetlovskiy;USR031046;Pomor-Servis Co Ltd;5659877;In Service/Commission;  Unknown;9991001;0;1991
8864256;KOBE KYUSHU MARU;;;;;;8,40;0,000;8,400;1992-03;0;;;Japan;450;1992-03;4,4;0;  Unknown;9991001;;3,000;165;Yanmar Diesel Engine Co Ltd - Japan;6;Yanmar;S165L-ST;210;4;Oil;1;1300;Korea, South;;0,00;0,00;0,00;Yes, But Type Not Known;Not Applicable;0;  Unknown;9991001;166;1991-11;0,000;2011-06-25;1992-02;30,100;;Chang Shin Enterprise;1266906;1990-03;Oil Engine(s), Geared Drive;0;Chang Shin Enterprise;1266906;0;;;0;0,00;Water Tanker;;Fujimi;JPN464053;Chang Shin Enterprise;1266906;In Service/Commission;  Unknown;9991001;0;1992
8877332;KAO 308;;;;;;9,00;9,600;9,000;1993-00;0;;;Chinese Taipei;628;1993-00;3,8;0;  Unknown;9991001;;0,000;240;Matsui Iron Works Co Ltd - Japan;6;Matsui;ML624GHS;400;4;Oil;2;;Chinese Taipei;;0,00;0,00;0,00;Yes, But Type Not Known;Not Applicable;0;Kaohsiung Harbor Bureau;0365621;424;;0,000;2017-05-15;;47,000;;Kaohsiung Harbor Bureau;0365621;1979-12;Oil Engine(s), Direct Drive;0;Kaohsiung Harbor Bureau;0365621;0;;;0;0,00;Water Tanker;;Taiwan Machinery Kaohsiun;CHT007013;Kaohsiung Harbor Bureau;0365621;In Service/Commission;  Unknown;9991001;0;1993
8877796;HIROSHIMA ACE;;;;;;7,70;0,000;7,700;1994-04;0;;;Japan;309;1994-04;3,5;0;  Unknown;9991001;;3,320;165;Yanmar Diesel Engine Co Ltd - Japan;6;Yanmar;S165L-T;210;4;Oil;1;1300;Unknown;;0,00;0,00;0,00;Yes, But Type Not Known;Not Applicable;0;  Unknown;9991001;100;1994-01;0,000;2011-12-16;1994-03;27,970;;Rptd Sold Undisclosed Interest;9991942;1992-04;Oil Engine(s), Geared Drive;0;Rptd Sold Undisclosed Interest;9991942;0;;;0;8,00;Water Tanker;;Kanawa;JPN012145;Rptd Sold Undisclosed Interest;9991942;In Service/Commission;  Unknown;9991001;0;1994
8884268;VODOLEY-4;;;;;;9,70;9,700;0,000;1978-00;0;;;U.S.S.R.;565;1978-00;4,2;1156;  Unknown;9991001;;3,430;300;"Mashinostroitelnyy Zavod ""Russkiy-Dizel"" - Leningrad";6;Russkiy;6DR30/50-5-3;500;2;Oil;1;;Unknown;45,00;0,00;0,00;0,00;Distillate Fuel;Not Applicable;0;Azerbaijan Caspian Shipping;0555540;637;;0,000;2017-01-27;;53,840;;Azerbaijan Caspian Shipping;0555540;1976-00;Oil Engine(s), Direct Drive;0;Azerbaijan Caspian Shipping;0555540;0;;;0;10,00;Water Tanker;;Khersonskiy SSZ;USR001011;Azerbaijan Caspian Shipping;0555540;In Service/Commission;Azerbaijan Caspian Shipping;0555540;0;1978
8885171;BULAG;;;;;;7,58;8,010;7,580;1994-04;0;;RS;Azerbaijan;439;1994-04;3,6;609;  Unknown;9991001;;3,120;180;Daldizel - Khabarovsk;6;Daldizel;6CHSPN18/22;220;4;Oil;1;750;Azerbaijan;11,00;0,00;0,00;0,00;Distillate Fuel;Not Applicable;0;Azerbaijan Caspian Shipping;0555540;236;1992-00;0,000;2017-01-27;;35,170;423190100;Azerbaijan Caspian Shipping;0555540;1990-09;Oil Engine(s), Geared Drive;0;Azerbaijan Caspian Shipping;0555540;0;;;0;8,10;Water Tanker;;Vano Sturua SSZ - AZE;AZE034046;Azerbaijan Caspian Shipping;0555540;In Service/Commission;Azerbaijan Caspian Shipping;0555540;0;1994
8896558;BIEN DONG 134;;;;;;8,20;0,000;8,200;1995-00;0;;;Vietnam;350;1995-00;3,35;0;  Unknown;9991001;;2,800;137;Caterpillar Inc - USA;12;Caterpillar;3412T;152;4;Oil;1;1800;Unknown;;0,00;0,00;0,00;Yes, But Type Not Known;Not Applicable;0;Vietnam Govt;0104436;348;;0,000;2016-11-03;;50,750;;Truong Sa Seafood;1692361;1993-00;Oil Engine(s), Geared Drive;0;Truong Sa Seafood;1692361;0;;;0;10,00;Water Tanker;;Ba Son Shipyard;VNM166050;Truong Sa Seafood;1692361;In Service/Commission;  Unknown;9991001;0;1995
8898879;AYER MANIS;;;;;;8,99;0,000;8,990;1993-00;0;;;Hong Kong, China;525;1993-00;3,09;749;  Unknown;9991001;;2,703;137;Caterpillar Inc - USA;12;Caterpillar;3412TA;152;4;Oil;2;1800;Unknown;40,00;0,00;0,00;0,00;Distillate Fuel;Not Applicable;0;PSA Marine Pte Ltd;1837329;305;;0,000;2018-09-06;;43,000;;PSA Corp Ltd;0030367;1991-00;Oil Engine(s), Geared Drive;0;PSA Marine Pte Ltd;1837329;0;;;0;10,00;Water Tanker;;Cheoy Lee Shipyards Ltd;HKG001017;PSA Marine Pte Ltd;1837329;In Service/Commission;PSA Marine Pte Ltd;1837329;0;1993
8907498;HIGHSEA CHALLENGE;;;;;;8,00;0,000;8,000;1989-03;0;;IR;Japan;526;1989-03;3,5;0;  Unknown;9991001;20180814;3,200;260;Matsui Iron Works Co Ltd - Japan;6;Matsui;6M26KGHS;400;4;Oil;1;385;Sri Lanka;0,00;0,00;0,00;0,00;Yes, But Type Not Known;Not Applicable;0;Freedom of High Seas Pvt Ltd;5106626;316;1988-12;0,000;2018-10-12;1989-03;47,520;;Freedom of High Seas Pvt Ltd;5106626;1987-03;Oil Engine(s), Direct Drive;0;Freedom of High Seas Pvt Ltd;5106626;0;;;300;9,00;Water Tanker;;Murakami Hide;JPN210032;Freedom of High Seas Pvt Ltd;5106626;In Service/Commission;Freedom of High Seas Pvt Ltd;5106626;0;1989
8911463;FOUARA;;;;;;7,80;8,100;7,800;1991-02;0;;;Bangladesh;550;1991-02;3,5;0;  Unknown;9991001;;2,910;128;MAN Nutzfahrzeuge AG - Nuernberg;10;MAN;D2840LE;142;4;Oil;2;1800;Bangladesh;0,00;0,00;0,00;0,00;Yes, But Type Not Known;Not Applicable;0;Bangladesh Govt;0671270;341;1989-06;0,000;2016-09-01;1990-08;45,000;;Chittagong Port Authority;0038963;1989-06;Oil Engine(s), Geared Drive;0;Chittagong Port Authority;0038963;0;;;0;10,50;Water Tanker;;Dockyard & Engineering Works;BNG006054;Chittagong Port Authority;0038963;In Service/Commission;  Unknown;9991001;0;1991
8921327;AMIRA;;;;;;10,00;0,000;10,000;1990-03;0;A6E2890;RI;Japan;1106;1990-03;4,55;1704;Coral Shipping Corp;1760272;20180331;3,920;280;Niigata Engineering Co Ltd - Japan;6;Niigata;6M28BFT;480;4;Oil;1;350;United Arab Emirates;56,30;0,00;0,00;0,00;Distillate Fuel;Not Applicable;0;  Unknown;9991001;736;1990-01;23,000;2018-11-05;1990-02;67,500;470693000;Cape Diving International LLC;5022900;1989-12;Oil Engine(s), Geared Drive;0;Cape Diving International LLC;5022900;0;;;334;0,00;Water Tanker;;Hitachi Zosen Mukaishima;JPN189050;Cape Diving International LLC;5022900;In Service/Commission;Coral Shipping Corp;1760272;0;1990
8925139;MEISUI MARU;;;;;;7,80;0,000;7,800;1996-09;0;JH3350;;Japan;371;1996-09;3,6;0;  Unknown;9991001;;2,900;170;Mitsubishi Heavy Industries Ltd - Japan;6;Mitsubishi;S6R2F-MTK;220;4;Oil;1;;Japan;;0,00;0,00;0,00;Yes, But Type Not Known;Not Applicable;0;  Unknown;9991001;130;;0,000;2016-02-29;1996-09;29,910;;Nagoyako Kanri Kumiai;0252691;1994-09;Oil Engine(s), Geared Drive;0;Nagoyako Kanri Kumiai;0252691;0;;;0;9,60;Water Tanker;;Chiyoda;JAP436061;Nagoyako Kanri Kumiai;0252691;In Service/Commission;  Unknown;9991001;0;1996
8942345;TOSUI MARU No. 15;;;;;;6,56;0,000;6,560;1968-10;0;JG2611;;Japan;210;1968-10;2,5;0;  Unknown;9991001;;2,400;145;Mitsubishi Heavy Industries Ltd - Japan;6;Mitsubishi;6G-2;200;4;Oil;1;;Japan;;0,00;0,00;0,00;Yes, But Type Not Known;Not Applicable;0;  Unknown;9991001;107;1968-06;0,000;2011-06-25;1968-09;27,000;;Nagasaki Kyusui;0252524;1966-10;Oil Engine(s), Direct Drive;0;Nagasaki Kyusui;0252524;0;;;0;8,00;Water Tanker;;Daido;JAP047050;Nagasaki Kyusui;0252524;In Service/Commission;  Unknown;9991001;0;1968
8943519;MARAKI II;;;;;;7,50;7,520;7,500;1997-10;0;5ODR;;Greece;526;1997-10;4;0;  Unknown;9991001;;3,400;0;Caterpillar Inc - USA;;Caterpillar;;0;4;Oil;1;;Nigeria;;0,00;0,00;0,00;Yes, But Type Not Known;Not Applicable;0;  Unknown;9991001;314;;0,000;2018-10-04;;44,800;;Seacore Shipping & Marine;5777351;1995-10;Oil Engine(s), Geared Drive;0;Seacore Shipping & Marine;5777351;0;;;0;0,00;Water Tanker;;Geomar;GRC001065;Seacore Shipping & Marine;5777351;In Service/Commission;  Unknown;9991001;0;1997
8943870;THISTLE;;;;;;7,55;7,850;7,550;1974-00;0;9YEP;;United Kingdom;300;1974-00;3,5;0;  Unknown;9991001;;2,630;222;Mirrlees Blackstone (Stamford) Ltd. - Stamford;8;Blackstone;ERS8M;292;4;Oil;1;750;Trinidad & Tobago;16,00;0,00;0,00;0,00;Yes, But Type Not Known;Not Applicable;0;Coloured Fin Ltd;1774121;288;1972-09;0,000;2018-10-12;;40,100;;Coloured Fin Ltd;1774121;1972-00;Oil Engine(s), Geared Drive;0;Coloured Fin Ltd;1774121;0;;;0;11,00;Water Tanker;;Drypool Selby;GBI031165;Coloured Fin Ltd;1774121;In Service/Commission;  Unknown;9991001;0;1974
8944276;DOSHI MARU;;;;;;7,20;0,000;7,200;1971-03;0;JG3033;;Japan;360;1971-03;3,4;0;  Unknown;9991001;;2,970;200;Yanmar Diesel Engine Co Ltd - Japan;6;Yanmar;6MAL-HTS;240;4;Oil;1;900;Japan;;0,00;0,00;0,00;Yes, But Type Not Known;Not Applicable;0;Yokohama-Ko;1518643;199;1970-10;0,000;2012-09-18;1971-03;32,500;;Yokohama-Ko;1518643;1969-03;Oil Engine(s), Geared Drive;0;Yokohama Hashike;1518661;0;;;0;8,42;Water Tanker;;Yokohama Yacht Co Ltd;JPN206153;Yokohama-Ko;1518643;In Service/Commission;  Unknown;9991001;0;1971
8955392;AYER MOLEK;;;;;;8,99;0,000;8,990;1993-05;0;;;Hong Kong, China;525;1993-05;3,09;749;  Unknown;9991001;;2,703;137;Caterpillar Inc - USA;12;Caterpillar;3412TA;152;4;Oil;2;1800;Unknown;;0,00;0,00;0,00;Yes, But Type Not Known;Not Applicable;0;PSA Marine Pte Ltd;1837329;305;;0,000;2018-04-11;;43,000;;PSA Corp Ltd;0030367;1991-05;Oil Engine(s), Geared Drive;0;PSA Marine Pte Ltd;1837329;0;;;0;10,00;Water Tanker;;Cheoy Lee Shipyards Ltd;HKG001017;PSA Marine Pte Ltd;1837329;In Service/Commission;  Unknown;9991001;0;1993
8963143;BULAG-2;;;;;;7,50;8,010;7,500;1999-12;0;;RS;Azerbaijan;455;1999-12;3,6;622;  Unknown;9991001;;3,120;180;Daldizel - Khabarovsk;6;Daldizel;6CHNSP18/22;220;4;Oil;1;750;Azerbaijan;11,00;0,00;0,00;0,00;Distillate Fuel;Not Applicable;0;Southern Oil Administration;1588855;236;;0,000;2017-01-27;;35,170;423243100;Azerbaijan Caspian Shipping;0555540;1997-12;Oil Engine(s), Geared Drive;0;Southern Oil Administration;1588855;0;;;0;8,00;Water Tanker;;Ilham Allahverdiyev;AZE034080;Azerbaijan Caspian Shipping;0555540;In Service/Commission;Azerbaijan Caspian Shipping;0555540;0;1999
8963430;WAKAMIZU;;;;;;7,00;0,000;7,000;1970-07;0;;;Japan;300;1970-07;3;0;  Unknown;9991001;;2,900;0;Yanmar Diesel Engine Co Ltd - Japan;;Yanmar;;0;4;Oil;1;;Korea, South;;0,00;0,00;0,00;Yes, But Type Not Known;Not Applicable;0;  Unknown;9991001;187;1970-04;0,000;2014-03-24;1970-07;32,500;;Hang Dong Shipbuilding Co Ltd;5034655;1968-07;Oil Engine(s), Direct Drive;0;Hang Dong Shipbuilding Co Ltd;5034655;0;;;0;8,00;Water Tanker;;Abe T.;JPN219046;Hang Dong Shipbuilding Co Ltd;5034655;In Service/Commission;  Unknown;9991001;0;1970
8973394;YUSUF REIS;;;;;;7,00;0,000;7,000;1983-00;0;TC2923;;Turkey;500;1983-00;3;0;  Unknown;9991001;;2,550;0;AB Volvo Penta - Sweden;;Volvo Penta;;0;4;Oil;1;2000;Turkey;16,00;0,00;0,00;0,00;Distillate Fuel;Not Applicable;0;  Unknown;9991001;257;;0,000;2016-09-01;;44,860;271010192;Rptd Sold Undisclosed Interest;9991942;1981-00;Oil Engine(s), Geared Drive;0;Rptd Sold Undisclosed Interest;9991942;0;;;0;11,00;Water Tanker;;Bayraktar;TRK104050;Rptd Sold Undisclosed Interest;9991942;In Service/Commission;  Unknown;9991001;0;1983
8973459;BAHRI-D;;;;;;7,60;0,000;7,600;1994-00;0;TC7708;;Turkey;700;1994-00;3;0;  Unknown;9991001;;0,000;144;AB Volvo Penta - Sweden;6;Volvo Penta;TAMD162C;165;4;Oil;1;1800;Turkey;15,00;0,00;0,00;0,00;Distillate Fuel;Not Applicable;0;  Unknown;9991001;272;;0,000;2017-09-20;;46,640;;Borlu Cevik Akaryakit;1489584;1992-00;Oil Engine(s), Geared Drive;0;Borlu Cevik Akaryakit;1489584;0;;;0;12,00;Water Tanker;;Rota;TRK315052;Borlu Cevik Akaryakit;1489584;In Service/Commission;  Unknown;9991001;0;1994
8989329;AEGINA;;;;;;7,80;0,000;7,800;1957-00;0;SW3394;;France;667;1957-00;3,3;0;  Unknown;9991001;;0,000;140;Societe des Moteurs Baudouin SA - France;6;Baudouin;DK6;180;4;Oil;2;1000;Greece;0,00;0,00;0,00;0,00;Yes, But Type Not Known;Not Applicable;0;Hidrodotiki Group;1724120;387;;0,000;2016-02-29;;48,650;237096900;Hydrodotiki Ltd;1825578;1955-00;Oil Engine(s), Geared Drive;0;Hydromarine II Maritime Co;5145813;0;;;0;8,75;Water Tanker;;Midi Balaguier;FRA054110;Hydrodotiki Ltd;1825578;In Service/Commission;  Unknown;9991001;0;1957
8992285;SPINE;;;;;;6,20;0,000;6,200;1974-05;0;DZIK;;Japan;290;1974-05;3,1;0;  Unknown;9991001;;2,900;200;Yanmar Diesel Engine Co Ltd - Japan;6;Yanmar;6M-T;240;4;Oil;1;750;Philippines;0,00;0,00;0,00;0,00;Yes, But Type Not Known;Not Applicable;0;Island Reef Marine Fisheries;1836232;152;1974-02;0,000;2011-06-25;1974-04;29,580;;Irma Fishing & Trading Inc;1219529;1972-01;Oil Engine(s), Geared Drive;0;Irma Fishing & Trading Inc;1219529;0;;;0;8,50;Water Tanker;;Nagato Zosen;JAP045052;Irma Fishing & Trading Inc;1219529;In Service/Commission;  Unknown;9991001;0;1974
8993162;STS-19;;;;;;6,18;6,180;0,000;1984-07;0;;RS;U.S.S.R.;75;1984-07;1,6;145;  Unknown;9991001;20180326;1,000;150;in the U.S.S.R. ;6;Russkiy;6CHSP15/18;180;4;Oil;1;1500;Russia;3,00;0,00;0,00;0,00;Distillate Fuel;Not Applicable;0;Marine Ecology;5214869;122;;0,000;2017-06-15;;31,400;;Marine Ecology;5214869;1982-07;Oil Engine(s), Geared Drive;0;Marine Ecology;5214869;0;;;0;8,50;Water Tanker;;U.S.S.R. Unknown;USR000011;Marine Ecology;5214869;In Service/Commission;Marine Ecology;5214869;0;1984
8998564;KOSUI MARU NO. 28;;;;;;9,00;0,000;9,000;2005-04;0;JD2126;;Japan;650;2005-04;3,5;0;  Unknown;9991001;;3,400;0;The Hanshin Diesel Works Ltd - Japan;;Hanshin;;0;4;Oil;1;;Japan;0,00;0,00;0,00;0,00;Yes, But Type Not Known;Not Applicable;0;  Unknown;9991001;198;2004-05;0,000;2011-06-25;2005-04;43,200;;Mihara Kyusui KK;0685486;2002-01;Oil Engine(s), Drive Unknown;0;Mihara Kyusui KK;0685486;0;;;0;10,50;Water Tanker;;Ouchi Zosensho KK;JPN440057;Mihara Kyusui KK;0685486;In Service/Commission;  Unknown;9991001;0;2005
8999922;LADY ANGEL;;;;;;7,80;7,820;7,800;1963-12;0;5NJB2;;Germany, Federal Republic Of;350;1963-12;3,16;0;  Unknown;9991001;;2,610;140;Motoren Werke Mannheim AG (MWM) - West Germany;12;MWM;RHS518V12;180;4;Oil;1;1350;Nigeria;0,00;0,00;0,00;0,00;Yes, But Type Not Known;Not Applicable;0;Multi-Trade Ltd;5233568;339;;0,000;2011-06-25;1963-10;44,030;657165000;Multi-Trade Ltd;5233568;1961-01;Oil Engine(s), Geared Drive;0;Multi-Trade Ltd;5233568;0;;;0;9,50;Water Tanker;;Rancke;GFR101019;Multi-Trade Ltd;5233568;In Service/Commission;  Unknown;9991001;0;1963
9018646;OURO DO BRASIL;Mitsubishi;Mitsubishi;S6U-MPTA;4;735;26,00;0,000;26,000;1993-04;0;ELPP9;VL;Norway;19519;1993-04;14,5;26716;Exmar Shipmanagement NV;3008137;20210415;9,510;620;H Cegielski - Poznan SA - Poland;6;Sulzer;6RTA62;2150;2;Oil;1;105;Liberia;264,00;1787,00;0,00;0,00;Distillate Fuel;Residual Fuel;0;Fischer Group;5054366;15218;1992-04;0,000;2018-12-14;1992-10;173,000;636009832;Fischer Group;5054366;1990-11;Oil Engine(s), Direct Drive;0;Promenade Shipping Corp;5042292;0;;;7248;20,00;Fruit Juice Carrier, Refrigerated;;Kvaerner Kleven Floro - Floro;NOR018068;Citrosuco Fias GmbH;6000801;In Service/Commission;Exmar Shipmanagement NV;3008137;480;1993
9018658;SOL DO BRASIL;Mitsubishi;Mitsubishi;S6U-MPTA;4;735;26,00;0,000;26,000;1994-11;0;ELQQ4;VL;Norway;19653;1994-11;14,5;26906;Exmar Shipmanagement NV;3008137;20191130;9,510;620;H Cegielski - Poznan SA - Poland;6;Sulzer;6RTA62;2150;2;Oil;1;105;Liberia;264,00;1787,00;0,00;0,00;Distillate Fuel;Residual Fuel;0;Fischer Group;5054366;15218;1994-01;0,000;2018-11-20;1994-06;172,000;636010032;Fischer Group;5054366;1994-00;Oil Engine(s), Direct Drive;0;Esplanade Shipping Corp;1774489;0;;;7299;18,00;Fruit Juice Carrier, Refrigerated;;Kvaerner Floro AS - Floro;NOR018082;Citrosuco Fias GmbH;6000801;In Service/Commission;Exmar Shipmanagement NV;3008137;480;1994
9057123;ORANGE WAVE;MANBWHOL;B&W;6L23/30H;4;859;26,00;0,000;26,000;1993-03;0;ELPX7;LR;Norway;16700;1993-03;14,5;23566;Atlanship SA;3000936;20210716;9,316;600;Mitsui Engineering & Shipbuilding C Ltd - Japan;5;B&W;5S60MC;2292;2;Oil;1;105;Liberia;183,00;2260,00;32,50;36,60;Distillate Fuel;Residual Fuel;0;Atlanship SA;3000936;13444;1992-01;0,000;2018-12-14;1992-11;157,400;636009894;Atlanship SA;3000936;1989-01;Oil Engine(s), Direct Drive;0;International Bulk Reefers;4017433;0;;;0;18,50;Fruit Juice Carrier, Refrigerated;;Sterkoder AS;NOR079021;Atlanship SA;3000936;In Service/Commission;Atlanship SA;3000936;206;1993
9069891;W. B. KALAPANI;;;;;;8,00;0,000;8,000;2001-03;0;;;India;421;2001-03;3;0;  Unknown;9991001;;0,000;159;Cummins India Ltd - India;6;Cummins;KT-1150-M;159;4;Oil;1;;India;0,00;0,00;0,00;0,00;Yes, But Type Not Known;Not Applicable;0;India Govt;0042529;315;;0,000;2017-07-21;;41,000;;Andaman & Nicobar Admin;1155442;1998-01;Oil Engine(s), Geared Drive;0;Andaman & Nicobar Admin;1155442;0;;;0;0,00;Water Tanker;;Shalimar Works 1980 Ltd;IND067060;Andaman & Nicobar Admin;1155442;In Service/Commission;  Unknown;9991001;0;2001
9071662;SUNRISE 1;Deutz;DEUTZ;;;130;7,40;0,000;7,400;1994-12;0;5IM872;CM;Turkey;615;1994-12;3,3;0;  Unknown;9991001;;3,286;180;SKL Motoren- u. Systemtechnik AG - Magdeburg;6;S.K.L.;6NVD26A-2;260;4;Oil;1;750;Tanzania (Zanzibar);0,00;0,00;0,00;0,00;Yes, But Type Not Known;Not Applicable;0;  Unknown;9991001;389;1992-03;0,000;2017-09-21;1994-07;42,330;;Sunrise Shipping FZE;5861611;1991-01;Oil Engine(s), Geared Drive;0;Sunrise Shipping FZE;5861611;0;;;0;0,00;Water Tanker;;Torgem;TRK036168;Sunrise Shipping FZE;5861611;In Service/Commission;Sunrise Shipping FZE;5861611;0;1994
9071870;MBW 9;;;;;;8,40;0,000;8,400;1992-12;0;;;Netherlands;600;1992-12;3;0;  Unknown;9991001;;0,000;123;General Motors-Detroit Diesel Allison Divn - USA;8;G.M. (Detroit Diesel);8V-92;127;2;Oil;2;1800;Nigeria;0,00;0,00;0,00;0,00;Yes, But Type Not Known;Not Applicable;0;Nigeria Govt;0042930;400;1992-00;0,000;2010-06-08;1992-00;40,000;;Nigerian Ports Authority;0048240;1990-12;Oil Engine(s), Geared Drive;0;Nigerian Ports Authority;0048240;0;;;0;0,00;Water Tanker;;K Damen Scheepswerf BV;NTH283054;Nigerian Ports Authority;0048240;In Service/Commission;  Unknown;9991001;0;1992
9075498;TATLISUM;;;;;;8,00;0,000;8,000;1993-00;0;TCBE6;;Turkey;750;1993-00;3,6;0;  Unknown;9991001;;3,110;144;AB Volvo Penta - Sweden;6;Volvo Penta;TAMD162;165;4;Oil;1;1800;Turkey;0,00;0,00;0,00;0,00;Yes, But Type Not Known;Not Applicable;0;  Unknown;9991001;373;1992-04;0,000;2016-09-01;1992-12;49,510;271002181;Rptd Sold Undisclosed Interest;9991942;1991-00;Oil Engine(s), Geared Drive;0;Rptd Sold Undisclosed Interest;9991942;0;;;0;11,00;Water Tanker;;Rota;TRK315052;Rptd Sold Undisclosed Interest;9991942;In Service/Commission;  Unknown;9991001;0;1993
9084968;PRINCIPE TRADER;;;;;;14,00;0,000;14,000;1993-12;0;5NQV2;IV;Japan;3991;1993-12;7,3;0;  Unknown;9991001;;6,213;410;The Hanshin Diesel Works Ltd - Japan;6;Hanshin;LH41LA;800;4;Oil;1;235;Nigeria;165,00;0,00;0,00;0,00;Residual Fuel;Not Applicable;0;Century Energy Services Ltd;4152242;1988;1993-07;0,000;2016-05-27;1993-09;93,820;657833000;Century Energy Services Ltd;4152242;1993-00;Oil Engine(s), Direct Drive;0;Century Energy Services Ltd;4152242;0;2011-12-06;$2600000;0;13,50;Water Tanker;;Shin Kurushima Akitsu;JPN180071;Century Energy Services Ltd;4152242;In Service/Commission;Century Energy Services Ltd;4152242;0;1993
9136072;FARIDA;Yanmar;Yanmar;4T112;;60;8,00;0,000;8,000;1996-05;0;A6E2947;RI;Malaysia;329;1996-05;3,5;507;  Unknown;9991001;20190822;2,875;137;Caterpillar Inc - USA;8;Caterpillar;3408TA;152;4;Oil;2;1800;United Arab Emirates;16,00;0,00;0,00;0,00;Distillate Fuel;Not Applicable;0;  Unknown;9991001;199;1995-00;0,000;2018-12-11;1996-00;35,000;470755000;Cape Diving International LLC;5022900;1995-00;Oil Engine(s), Geared Drive;0;Cape Diving International LLC;5022900;0;;;0;8,00;Water Tanker;;Eastern Marine Shipbuilding;MAL056052;Cape Diving International LLC;5022900;In Service/Commission;  Unknown;9991001;0;1996
9188659;MTG - 4;Yanmar;Yanmar;6HAL2-DTN;4;202;12,50;0,000;12,500;1998-05;0;PNNM;KI;Japan;2089;1998-05;5,5;0;Bintang Samudra Utama PT;5596048;;4,611;340;The Hanshin Diesel Works Ltd - Japan;6;Hanshin;LH34L;640;4;Oil;1;310;Indonesia;220,00;0,00;0,00;0,00;Yes, But Type Not Known;Not Applicable;0;Bintang Samudra Utama PT;5596048;1588;1997-10;0,000;2018-07-27;1998-01;83,700;525016675;Bintang Samudra Utama PT;5596048;1995-09;Oil Engine(s), Direct Drive;0;Bintang Samudra Utama PT;5596048;0;;;0;12,70;Caprolactam Tanker;;Yamanaka;JPN350059;Bintang Samudra Utama PT;5596048;In Service/Commission;Bintang Samudra Utama PT;5596048;0;1998
9205641;HANDONG 20;;;;;;13,20;0,000;13,200;1999-03;0;;KR;Japan;1906;1999-03;6,2;0;  Unknown;9991001;20170201;4,325;360;The Hanshin Diesel Works Ltd - Japan;6;Hanshin;LH36L;670;4;Oil;1;250;Korea, South;185,00;0,00;0,00;0,00;Distillate Fuel;Not Applicable;0;  Unknown;9991001;1502;1998-11;0,000;2018-03-13;1999-01;79,970;;Han Dong Shipbuilding Co Ltd;5089905;1996-08;Oil Engine(s), Direct Drive;0;Han Dong Shipbuilding Co Ltd;5089905;0;;;0;12,80;Caprolactam Tanker;;Shin Kurushima Imabari;JPN019283;Han Dong Shipbuilding Co Ltd;5089905;In Service/Commission;  Unknown;9991001;0;1999
9206889;LADY SWITHIN II;;;;;312;15,00;0,000;15,000;1999-02;0;5NGX3;AB;China, People's Republic Of;1122;1999-02;3,2;1742;  Unknown;9991001;20161230;2,200;137;Caterpillar Inc - USA;12;Caterpillar;3412TA;152;4;Oil;2;1800;Nigeria;;0,00;0,00;0,00;Yes, But Type Not Known;Not Applicable;0;  Unknown;9991001;922;1998-00;0,000;2018-02-26;;57,000;657313000;High Tide Marine Ltd;5666644;1996-01;Oil Engine(s), Geared Drive;0;High Tide Marine Ltd;5666644;0;;;184;10,00;Water Tanker;;Guangdong New China Shipyard;CHR243068;High Tide Marine Ltd;5666644;In Service/Commission;High Tide Marine Ltd;5666644;0;1999
9228370;ORANGE SKY;WARTSILANSD;WARTSILA;6L20;4;1020;27,00;0,000;27,000;2000-08;0;ELZU2;LR;Japan;26863;2000-08;14,8;0;Atlanship SA;3000936;20200326;9,700;520;Akasaka Tekkosho KK (Akasaka Diesel Ltd) - Japan;6;Mitsubishi;6UEC52LA;1600;2;Oil;1;133;Liberia;0,00;1656,00;0,00;0,00;Distillate Fuel;Residual Fuel;0;Atlanship SA;3000936;22063;2000-03;0,000;2019-01-10;;171,590;636011527;Atlanship SA;3000936;1997-10;Oil Engine(s), Direct Drive;0;Adriatic Reefer Corp Inc;1192633;0;;;12241;14,70;Fruit Juice Carrier, Refrigerated;;Saiki Heavy Industries Co Ltd;JPN335068;Atlanship SA;3000936;In Service/Commission;Atlanship SA;3000936;0;2000
9230995;CARLOS FISCHER;Wartsila;Wartsila;8L20;4;1440;32,20;0,000;32,200;2002-04;0;A8AC4;VL;Romania;43067;2002-04;19,2;57058;Exmar Shipmanagement NV;3008137;20200525;11,400;840;Wartsila Italia SpA - Italy;7;Sulzer;7RTA84C;2400;2;Oil;1;102;Liberia;0,00;0,00;0,00;0,00;Distillate Fuel;Residual Fuel;0;Fischer Group;5054366;33005;2001-01;45,000;2018-11-20;2001-05;204,880;636011561;Fischer Group;5054366;2000-05;Oil Engine(s), Direct Drive;70;Victoria Shipping Intl Corp;1988310;0;;;20200;20,80;Fruit Juice Carrier, Refrigerated;;Daewoo-Mangalia;RUM007057;Citrosuco Fias GmbH;6000801;In Service/Commission;Exmar Shipmanagement NV;3008137;569;2002
9242089;PREMIUM DO BRASIL;Wartsila;Wartsila;8L20;4;1280;32,20;0,000;32,200;2003-08;0;A8BL4;VL;Romania;43002;2003-08;19,2;57058;Exmar Shipmanagement NV;3008137;;11,400;840;Wartsila Italia SpA - Italy;7;Sulzer;7RTA84C;2400;2;Oil;1;102;Liberia;;0,00;0,00;0,00;Distillate Fuel;Residual Fuel;0;Fischer Group;5054366;33005;2002-04;45,000;2018-12-17;2002-09;204,850;636011792;Citrosuco Fias GmbH;6000801;2000-11;Oil Engine(s), Direct Drive;70;Premium International Shipping;5057595;0;;;20200;19,00;Fruit Juice Carrier, Refrigerated;;Daewoo-Mangalia;RUM007057;Citrosuco Fias GmbH;6000801;In Service/Commission;Exmar Shipmanagement NV;3008137;604;2003
9254288;TONGYEA NO. 7;;;;;;13,20;13,200;13,200;2002-07;0;BIBQ;;Japan;1866;2002-07;6,2;3125;  Unknown;9991001;;4,325;360;The Hanshin Diesel Works Ltd - Japan;6;Hanshin;LH36L;670;4;Oil;1;250;Chinese Taipei;45,00;125,00;0,00;0,00;Distillate Fuel;Residual Fuel;0;  Unknown;9991001;1865;2001-09;27,700;2018-06-28;2001-11;79,970;416250800;Tong Yea Enterprise Co Ltd;5551660;2001-00;Oil Engine(s), Direct Drive;0;Tong Yea Enterprise Co Ltd;5551660;0;;;809;12,80;Caprolactam Tanker;;Shin Kurushima Imabari;JPN019283;Tong Yea Enterprise Co Ltd;5551660;In Service/Commission;Tong Yea Enterprise Co Ltd;5551660;0;2002
9288306;CHISHU;;;;;;13,20;0,000;13,200;2003-09;0;HPLW;NK;Japan;1850;2003-09;6,2;3125;Dongkuk Marine Co Ltd;1708871;20191018;4,325;360;The Hanshin Diesel Works Ltd - Japan;6;Hanshin;LH36LA;670;4;Oil;1;250;Panama;53,00;121,00;0,00;0,00;Distillate Fuel;Residual Fuel;0;Kokuka Sangyo Co Ltd;0236507;1865;2003-04;27,700;2018-10-26;2003-06;79,970;355131000;Kokuka Sangyo Co Ltd;0236507;2003-02;Oil Engine(s), Direct Drive;0;KSK Panama Corp;4024608;0;;;809;12,80;Caprolactam Tanker;;Shin Kurushima Imabari;JPN019283;Dongkuk Marine Co Ltd;1708871;In Service/Commission;Dongkuk Marine Co Ltd;1708871;0;2003
9288667;TRISHNA;;;;;;8,00;0,000;8,000;2005-01;0;;;Bangladesh;600;2005-01;3,55;797;  Unknown;9991001;;2,900;144;AB Volvo Penta - Sweden;6;Volvo Penta;TAMD165A;165;4;Oil;2;1800;Bangladesh;0,00;0,00;0,00;0,00;Yes, But Type Not Known;Not Applicable;0;  Unknown;9991001;384;;0,000;2017-01-26;;45,000;;Mongla Port Authority;0999373;2003-02;Oil Engine(s), Geared Drive;0;Mongla Port Authority;0999373;0;;;0;10,50;Water Tanker;;Karnafuly Ship Builders Ltd;BNG017050;Mongla Port Authority;0999373;In Service/Commission;  Unknown;9991001;0;2005
9342580;ORANGE SUN;Wartsila;Wartsila;6L20;4;950;32,20;0,000;32,200;2007-03;0;A8HY8;LR;Norway;43420;2007-03;19,2;57001;Atlanship SA;3000936;;11,400;600;Kawasaki Heavy Industries Ltd - Japan;7;MAN-B&W;7S60MC-C;2400;2;Oil;1;105;Liberia;0,00;0,00;0,00;0,00;Distillate Fuel;Residual Fuel;0;Atlanship SA;3000936;33070;2005-06;0,000;2019-01-10;2006-10;204,850;636012804;Atlanship SA;3000936;2004-12;Oil Engine(s), Direct Drive;0;Arctic Reefer Corp Inc;4099206;0;;;20047;17,50;Fruit Juice Carrier, Refrigerated;;Aker Yards AS Floro;NOR018250;Atlanship SA;3000936;In Service/Commission;Atlanship SA;3000936;280;2007
9393838;LALA KHEDIDJA;;;;;;8,42;0,000;8,420;2006-09;0;;;Romania;300;2006-09;3,2;608;  Unknown;9991001;;2,600;108;AB Volvo Penta - Sweden;6;Volvo Penta;D7A TA;130;4;Oil;2;1900;Algeria;0,00;0,00;0,00;0,00;Yes, But Type Not Known;Not Applicable;0;GICEP;4158312;226;2005-12;0,000;2017-05-25;2006-05;34,050;;Alger Entreprise;1077274;2005-07;Oil Engine(s), Geared Drive;0;Alger Entreprise;1077274;0;;;0;7,00;Water Tanker;;Damen Galati;RUM002052;Alger Entreprise;1077274;In Service/Commission;  Unknown;9991001;0;2006
9491836;CITRUS VITA BRASIL;Hyundai Himsen;Hyundai Himsen;8H25/33;4;1900;29,80;29,880;29,800;2009-06;0;D5LW3;VL;Germany;34966;2009-06;16,4;45569;Exmar Shipmanagement NV;3008137;20211025;11,400;700;Doosan Engine Co Ltd - South Korea;7;MAN-B&W;7L70ME-C;2360;2;Oil;1;108;Liberia;220,00;2300,00;0,00;0,00;Distillate Fuel;Residual Fuel;0;  Unknown;9991001;30912;2008-11;50,550;2018-12-06;2009-03;210,560;636017610;Citrus Vita Brasil Shipping Co;6027611;2006-00;Oil Engine(s), Direct Drive;0;Citrus Vita Brasil Shipping Co;6027611;0;;;9402;21,90;Fruit Juice Carrier, Refrigerated;;Volkswerft Stralsund GmbH;GEU253026;Citrus Vita Brasil Shipping Co;6027611;In Service/Commission;Exmar Shipmanagement NV;3008137;0;2009
9519274;SHAHEED SAGAR;;;;;52;12,50;0,000;12,500;2007-05;0;;;India;1147;2007-05;4,9;1609;Global Cambay Marine Services;5733751;;3,500;140;Cummins India Ltd - India;6;Cummins;NTA-855-M;152;4;Oil;2;2100;India;0,00;0,00;0,00;0,00;Yes, But Type Not Known;Not Applicable;0;  Unknown;9991001;763;2006-05;0,000;2018-02-19;2007-02;48,600;;Global Cambay Marine Services;5733751;2006-01;Oil Engine(s), Geared Drive;0;Global Cambay Marine Services;5733751;0;;;0;10,00;Water Tanker;;Gujarat Marine Engineering;IND117050;Global Cambay Marine Services;5733751;In Service/Commission;Global Cambay Marine Services;5733751;0;2007
9564384;ORANGE STAR;;;;;;32,24;0,000;32,240;2011-02;0;A8WP6;BV;Croatia;36994;2011-02;17,1;49963;Atlanship SA;3000936;20140217;10,150;600;Brodosplit - Tvornica Dizel Motora doo - Croatia;6;MAN-B&W;6S60MC-C;2400;2;Oil;1;121;Liberia;149,00;2094,00;0,00;0,00;Distillate Fuel;Residual Fuel;0;Atlanship SA;3000936;34432;2009-12;0,000;2019-01-10;2010-05;189,900;636014800;Atlanship SA;3000936;2009-06;Oil Engine(s), Direct Drive;0;North Sea Reefer Enterprise SA;5602759;0;;;16195;14,00;Fruit Juice Carrier, Refrigerated;;Brodosplit Brodogradiliste doo;CRT007054;Atlanship SA;3000936;In Service/Commission;Atlanship SA;3000936;0;2011
9674294;BHARATI 431;;;;;;9,50;9,520;9,500;2019-04;0;;IR;India;230;;2,6;0;;;;0,000;159;Cummins India Ltd - India;6;Cummins;KTA-19-M3;159;4;Oil;1;1800;India;0,00;0,00;0,00;0,00;Yes, But Type Not Known;Not Applicable;0;India Govt;0042529;462;2011-11;0,000;2018-08-30;2014-03;46,500;;India Govt Navy;0042603;2011-01;Oil Engine(s), Geared Drive;0;India Govt Navy;0042603;0;;;0;0,00;Water Tanker;;Bharati Shipyard - Ratnagiri;IND041151;India Govt Navy;0042603;Launched;  Unknown;9991001;0;2019
9674309;BHARATI 432;;;;;;9,50;9,520;9,500;2019-05;0;;IR;India;230;;2,6;0;;;;0,000;159;Cummins India Ltd - India;6;Cummins;KTA-19-M3;159;4;Oil;1;1800;India;0,00;0,00;0,00;0,00;Yes, But Type Not Known;Not Applicable;0;India Govt;0042529;462;2011-11;0,000;2018-07-31;;46,500;;India Govt Navy;0042603;2011-01;Oil Engine(s), Geared Drive;0;India Govt Navy;0042603;0;;;0;0,00;Water Tanker;;Bharati Shipyard - Ratnagiri;IND041151;India Govt Navy;0042603;Keel Laid;  Unknown;9991001;0;2019
9674311;BHARATI 433;;;;;;9,50;9,520;9,500;2019-07;0;;IR;India;230;;2,6;0;;;;0,000;159;Cummins India Ltd - India;6;Cummins;KTA-19-M3;159;4;Oil;1;1800;India;0,00;0,00;0,00;0,00;Yes, But Type Not Known;Not Applicable;0;India Govt;0042529;462;2012-02;0,000;2018-11-01;;46,500;;India Govt Navy;0042603;2011-01;Oil Engine(s), Geared Drive;0;India Govt Navy;0042603;0;;;0;0,00;Water Tanker;;Bharati Shipyard - Ratnagiri;IND041151;India Govt Navy;0042603;Keel Laid;  Unknown;9991001;0;2019
9675391;ORANGE OCEAN;;;;;;26,00;26,030;26,000;2014-03;0;D5DS2;BV;Korea, South;23686;2014-03;15,3;0;Atlanship SA;3000936;20190311;9,900;500;Hyundai Heavy Industries Co Ltd - South Korea;6;MAN-B&W;6S50ME-B9;2214;2;Oil;1;99;Liberia;0,00;0,00;0,00;0,00;Distillate Fuel;Residual Fuel;0;Atlanship SA;3000936;22687;2013-08;0,000;2018-09-28;2013-10;170,000;636015956;Atlanship SA;3000936;2012-06;Oil Engine(s), Direct Drive;0;International Bulk Reefers;4017433;0;;;0;15,00;Fruit Juice Carrier, Refrigerated;;Hyundai Mipo Dockyard Co Ltd;KRS086056;Atlanship SA;3000936;In Service/Commission;Atlanship SA;3000936;0;2014
9675406;ORANGE BLOSSOM 2;;;;;;26,00;26,030;26,000;2014-07;0;D5DS3;BV;Korea, South;23686;2014-07;15,3;0;Atlanship SA;3000936;20190703;9,900;500;Hyundai Heavy Industries Co Ltd - South Korea;6;MAN-B&W;6S50ME-B9;2214;2;Oil;1;99;Liberia;0,00;0,00;0,00;0,00;Distillate Fuel;Residual Fuel;0;Atlanship SA;3000936;22687;2013-11;0,000;2018-08-02;2014-01;170,000;636015957;Atlanship SA;3000936;2012-06;Oil Engine(s), Direct Drive;0;Atlantic Reefer Corp Inc;0970054;0;;;0;15,00;Fruit Juice Carrier, Refrigerated;;Hyundai Mipo Dockyard Co Ltd;KRS086056;Atlanship SA;3000936;In Service/Commission;Atlanship SA;3000936;0;2014
9698745;AYER CHERDAS;Perkins Sabre;Perkins;6TG2AM;4;93;9,80;10,180;9,800;2014-07;0;9V2801;LR;China, People's Republic Of;626;2014-07;3,8;999;  Unknown;9991001;;3,150;145;Caterpillar Inc - USA;12;Caterpillar;C32;162;4;Oil;2;1800;Singapore;0,00;0,00;0,00;0,00;Yes, But Type Not Known;Not Applicable;0;PSA Marine Pte Ltd;1837329;481;2014-01;0,000;2018-04-11;2014-05;45,000;565102000;PSA Corp Ltd;0030367;2013-05;Oil Engine(s), Geared Drive;0;PSA Marine Pte Ltd;1837329;0;;;0;11,00;Water Tanker;;Hin Lee Zhuhai Shipyard Co Ltd;CHR132050;PSA Marine Pte Ltd;1837329;In Service/Commission;  Unknown;9991001;0;2014
9698812;AYER CHERDEK;Perkins;Perkins;6TG2AM;4;93;9,80;10,180;9,800;2014-08;0;9V2802;LR;China, People's Republic Of;627;2014-08;3,8;999;  Unknown;9991001;;3,150;145;Caterpillar Inc - USA;12;Caterpillar;C32;162;4;Oil;2;1800;Singapore;0,00;0,00;0,00;0,00;Yes, But Type Not Known;Not Applicable;0;PSA Marine Pte Ltd;1837329;481;2014-03;0,000;2018-04-11;2014-06;45,000;565173000;PSA Corp Ltd;0030367;2013-05;Oil Engine(s), Geared Drive;0;PSA Marine Pte Ltd;1837329;0;;;0;11,00;Water Tanker;;Hin Lee Zhuhai Shipyard Co Ltd;CHR132050;PSA Marine Pte Ltd;1837329;In Service/Commission;  Unknown;9991001;0;2014
9710921;AYER CHOMEL;Perkins;Perkins;6TG2AM;4;93;9,80;10,180;9,800;2014-10;0;9V2803;LR;China, People's Republic Of;623;2014-10;3,8;999;  Unknown;9991001;;3,300;145;Caterpillar Inc - USA;12;Caterpillar;C32;162;4;Oil;2;2100;Singapore;0,00;0,00;0,00;0,00;Yes, But Type Not Known;Not Applicable;0;PSA Marine Pte Ltd;1837329;481;2014-03;0,000;2018-06-05;2014-07;45,000;565243000;PSA Marine Pte Ltd;1837329;2013-08;Oil Engine(s), Geared Drive;0;PSA Marine Pte Ltd;1837329;0;;;0;11,00;Water Tanker;;Hin Lee Zhuhai Shipyard Co Ltd;CHR132050;PSA Marine Pte Ltd;1837329;In Service/Commission;PSA Marine Pte Ltd;1837329;0;2014
9733911;JALPORI;;;;;;9,50;0,000;9,500;2016-06;0;;;Bangladesh;1252;2016-06;4,1;0;  Unknown;9991001;;3,600;155;Yanmar Diesel Engine Co Ltd - Japan;12;Yanmar;12AYM-WET;180;4;Oil;2;;Bangladesh;62,00;0,00;0,00;0,00;Distillate Fuel;Not Applicable;0;Bangladesh Govt;0671270;1718;2012-06;0,000;2017-12-11;2014-04;54,000;;Chittagong Port Authority;0038963;2012-03;Oil Engine(s), Geared Drive;0;Chittagong Port Authority;0038963;0;;;0;15,00;Water Tanker;;Western Marine Shipyard Ltd;BNG018050;Chittagong Port Authority;0038963;In Service/Commission;Chittagong Port Authority;0038963;0;2016
9744817;DUANGTALAY 8;;;;;;8,00;0,000;8,000;2014-04;0;9MYQ8;MY;Thailand;500;2014-04;3,7;0;  Unknown;9991001;;3,100;0;Cummins Engine Co Inc - USA;;Cummins;;0;;Oil;2;;Malaysia;0,00;0,00;0,00;0,00;Yes, But Type Not Known;Not Applicable;0;  Unknown;9991001;338;2013-10;0,000;2018-11-12;2014-03;40,000;;Ocean Shine Ventures Ltd;5806146;2013-06;Oil Engine(s), Geared Drive;0;Ocean Shine Ventures Ltd;5806146;0;;;0;0,00;Water Tanker;;Mits;THA025052;Ocean Shine Ventures Ltd;5806146;In Service/Commission;Ocean Shine Ventures Ltd;5806146;0;2014
9779159;AL-ASMAEY;;;;;;10,00;0,000;10,000;2016-05;0;JYAE4;BV;Turkey;561;2016-05;3,1;0;  Unknown;9991001;20190509;2,500;170;Yanmar Diesel Engine Co Ltd - Japan;6;Yanmar;6EY17W;230;4;Oil;1;1450;Jordan;56,00;0,00;0,00;0,00;Distillate Fuel;Not Applicable;0;Iraq Govt;0550932;497;2014-11;0,000;2018-10-12;;49,500;438069000;Maritime Transport;5917763;2014-11;Oil Engine(s), Geared Drive;0;Maritime Transport;5917763;0;;;0;10,00;Water Tanker;;DGS Shipyard Ltd;TRK220050;Maritime Transport;5917763;In Service/Commission;  Unknown;9991001;0;2016
9787728;DEW;;;;;;8,00;0,000;8,000;2016-04;0;9V3765;KR;China, People's Republic Of;481;2016-04;3,3;0;  Unknown;9991001;20190411;2,908;170;Yanmar Diesel Engine Co Ltd - Japan;6;Yanmar;6EY17W;230;4;Oil;1;1350;Singapore;26,00;0,00;0,00;0,00;Distillate Fuel;Not Applicable;0;Golden Island Diesel Oil;1277596;365;2015-11;0,000;2017-10-12;2016-01;43,300;565761000;Golden Island Petroleum;5200309;2015-08;Oil Engine(s), Geared Drive;0;Golden Island Petroleum;5200309;0;;;69;11,00;Water Tanker;;Jiangsu Haitong Offshore Eng;CHR522050;Golden Island Petroleum;5200309;In Service/Commission;Golden Island Petroleum;5200309;0;2016
9812456;JUICE EXPRESS;;;;;;15,40;0,000;15,400;2018-03;0;D5N18;BV;China, People's Republic Of;4701;2018-03;8,75;0;  Unknown;9991001;20210312;6,100;255;CSSC Marine Power Co Ltd - China;8;MaK;8M25C;400;4;Oil;1;750;Liberia;0,00;0,00;0,00;0,00;Distillate Fuel;Residual Fuel;0;Seatrade Groningen BV;0280765;4364;2015-11;0,000;2018-08-17;2017-05;99,900;636017922;Seatrade Groningen BV;0280765;2015-09;Oil Engine(s), Geared Drive;212;Juice Express Shipping Co NV;4226912;0;;;0;11,00;Fruit Juice Carrier, Refrigerated;;Guangxin Shipbuilding & HI;CHRB37080;Seatrade Groningen BV;0280765;In Service/Commission;Seatrade Groningen BV;0280765;212;2018
9840544;HAFSA 1;;;;;;7,32;0,000;7,320;2018-05;0;A6E3124;TN;Pakistan;0;2018-05;0;0;  Unknown;9991001;;0,000;0;Weichai Power Co Ltd - China;;Chinese Std. Type;;0;;Oil;2;;United Arab Emirates;0,00;0,00;0,00;0,00;Distillate Fuel;Not Applicable;0;  Unknown;9991001;145;2017-09;0,000;2018-11-12;;30,400;470976000;Grouse Ship Charters LLC;4242135;2017-03;Oil Engine(s), Geared Drive;0;Grouse Ship Charters LLC;4242135;0;;;0;9,00;Water Tanker;;Star Marine Engineering Works;PAK008050;Grouse Ship Charters LLC;4242135;In Service/Commission;  Unknown;9991001;0;2018
9847360;PRISM;;;;;;9,00;0,000;9,000;2018-12;0;9V8658;BV;China, People's Republic Of;630;2018-12;3,8;0;  Unknown;9991001;20211214;3,000;159;Chongqing Cummins Engine Co Ltd - China;6;Cummins;KT-19-M;159;4;Oil;2;1800;Singapore;40,00;0,00;0,00;0,00;Distillate Fuel;Not Applicable;0;  Unknown;9991001;440;2018-06;0,000;2019-01-15;2018-10;43,400;563067950;Dews Spring Pte Ltd;6064590;2017-11;Oil Engine(s), Geared Drive;0;Dews Spring Pte Ltd;6064590;0;;;0;11,00;Water Tanker;;Zhejiang Chengzhou Shbldg;CHRB46050;Dews Spring Pte Ltd;6064590;In Service/Commission;Dews Spring Pte Ltd;6064590;0;2018
