IMO/LR/IHS No.;Name of Ship;Aux. Engine Builder;Aux. Engine Design;Aux. Engine Model;Aux. Engine Stroke Type;Aux. Engine Total KW;Breadth;Breadth Extreme;Breadth Moulded;Built;Cabins;Callsign;Class;Country of Build;Deadweight;Delivery Date;Depth;Displacement;DOC Company;DOC Company Code;Docking Survey;Draught;Engine Bore;Engine Builder;Engine Cylinders;Engine Design;Engine Model;Engine Stroke;Engine Stroke Type;Engine Type;Engines Number;Engines RPM;Flag;Fuel Capacity 1;Fuel Capacity 2;Fuel Consumption Main Engines;Fuel Consumption Total;Fuel Type 1;Fuel Type 2;Gas Capacity;Group Owner;Group Owner Control;GT;Keel Laid;Keel To Mast Height;Last Update;Launch Date;Length;MMSI;Operator;Operator Code;Order Date;Propulsion Type;Reefer Points;Registered Owner;Registered Owner Code;RORO Lanes Number;Sale Date;Sale Price (US$);Segregated Ballast Capacity;Service Speed;Ship Type;Ship Type Group;Shipbuilder;Shipbuilder Code;Shipmanager;Shipmanager Code;Status;Technical Manager;Technical Manager Code;TEU;Year
5285095;ADJA-B;;;;;;7,95;7,950;0,000;1937-09;0;PI3406;;Netherlands;488;1937-07;3,11;0;  Unknown;9991001;;2,953;137;Caterpillar Inc - USA;12;Caterpillar;3412;152;4;Oil;2;;Netherlands;21,00;0,00;0,00;0,00;Yes, But Type Not Known;Not Applicable;0;  Unknown;;388;;0,000;2018-10-10;;69,900;244710744;van Bezooijen DJ&A;5205171;1935-00;Oil Engine(s), Geared Drive;0;van Bezooijen DJ&A;5205171;0;;;0;10,00;Dredging, Inland Waterways;;Werf Gebr. Deest Nv;NTH078022;van Bezooijen DJ&A;5205171;In Service/Commission;  Unknown;9991001;0;1937
6415439;KARIN;;;;;;6,30;6,860;6,300;1964-08;0;PD2993;;Belgium;0;1964-08;3,18;0;  Unknown;9991001;;2,902;150;Mitsubishi Heavy Industries Ltd - Japan;12;Mitsubishi;S12A2-MPTK;160;4;Oil;1;2100;Netherlands;12,00;0,00;0,00;0,00;Distillate Fuel;Not Applicable;0;  Unknown;;110;1964-03;0,000;2019-02-28;1964-05;27,670;244690299;Rptd Sold Undisclosed Interest;9991942;1963-12;Oil Engine(s), Geared Drive;0;Rptd Sold Undisclosed Interest;9991942;0;;;0;12,00;Towing/Pushing, Inland Waterways;;Fulton Engineering Ruisbr;BLG012030;Rptd Sold Undisclosed Interest;9991942;In Service/Commission;  Unknown;9991001;0;1964
7398250;ELIZABETH R;;;;;;9,12;0,000;9,120;1973-00;0;WDG5460;;United States Of America;0;1973-00;2,9;0;  Unknown;9991001;;0,000;0;Unknown;;;;0;Y;Oil;1;;United States Of America;0,00;0,00;0,00;0,00;Yes, But Type Not Known;Not Applicable;0;Kirby Corp;United States Of America;242;;0,000;2018-11-14;1973-00;26,340;367546910;Kirby Inland Marine LP;1930958;1971-00;Oil Engine(s), Direct Drive;0;Kirby Inland Marine LP;1930958;0;;;0;0,00;Towing/Pushing, Inland Waterways;;Halter Services Lockport;USA082036;Kirby Inland Marine LP;1930958;In Service/Commission;Kirby Inland Marine LP;1930958;0;1973
7434200;INKUNZI;;;;;;22,61;23,020;22,610;1977-07;0;ZR4301;;South Africa;398;1977-07;4,22;0;  Unknown;9991001;;2,652;135;Kloeckner-Humboldt-Deutz AG - West Germany;16;Deutz;BF16M716;160;4;Oil;3;1500;South Africa;0,00;0,00;0,00;0,00;Yes, But Type Not Known;Not Applicable;0;Transnet Ltd;South Africa;1093;1976-04;0,000;2019-03-03;1976-11;58,600;;Transnet Ltd;0050170;1975-07;Oil Engine(s), Electric Drive;0;Transnet Ltd;0050170;0;;;0;0,00;Other Activities, Inland Waterways;;Dorman Long Swan Hu;SAF006029;Portnet Dredging Services;1508205;In Service/Commission;  Unknown;9991001;0;1977
7434212;INDLOVU;;;;;;22,61;23,020;22,610;1976-12;0;ZR4464;;South Africa;398;1976-12;4,22;0;  Unknown;9991001;;2,601;135;Kloeckner-Humboldt-Deutz AG - West Germany;16;Deutz;BF16M716;160;4;Oil;3;1500;South Africa;0,00;0,00;0,00;0,00;Yes, But Type Not Known;Not Applicable;0;Transnet Ltd;South Africa;1093;1975-08;0,000;2019-03-03;1976-03;58,600;;Transnet Ltd;0050170;1974-12;Oil Engine(s), Electric Drive;0;Transnet Ltd;0050170;0;;;0;0,00;Other Activities, Inland Waterways;;Dorman Long Swan Hu;SAF006029;Portnet Dredging Services;1508205;In Service/Commission;  Unknown;9991001;0;1976
7637022;VEERLE;;;;;;13,01;0,000;13,010;1978-03;0;PA2806;;Netherlands;0;1978-03;2,82;0;  Unknown;9991001;;1,701;190;'Bolnes' Motorenfabriek BV - Netherlands;10;Bolnes;10DNL170/600;350;2;Oil;3;600;Netherlands;0,00;0,00;0,00;0,00;Yes, But Type Not Known;Not Applicable;0;  Unknown;;250;1977-09;0,000;2018-11-09;1977-11;35,010;244020518;Mannesmann;0640096;1976-03;Oil Engine(s), Geared Drive;0;Mannesmann;0640096;0;;;0;0,00;Towing/Pushing, Inland Waterways;;Biesbosch Dordrecht;NTH026052;Mannesmann;0640096;In Service/Commission;  Unknown;9991001;0;1978
7741902;VALK;;;;;;5,40;5,520;5,400;1956-03;0;PD6529;;Netherlands;225;1955-00;2,01;0;  Unknown;9991001;;0,000;108;General Motors-Detroit Diesel Allison Divn - USA;8;G.M. (Detroit Diesel);8V-71-N;127;2;Oil;1;;Netherlands;0,00;0,00;0,00;0,00;Yes, But Type Not Known;Not Applicable;0;  Unknown;;0;1955-06;0,000;2018-01-27;1956-01;36,500;244870607;Vacuum Cleaning;0757783;1954-06;Oil Engine(s), Geared Drive;0;Vacuum Cleaning;0757783;0;;;0;0,00;Dredging, Inland Waterways;;Kooiman;NTH491038;Vacuum Cleaning;0757783;In Service/Commission;  Unknown;9991001;0;1956
7742669;MITAI;;;;;;12,01;12,020;12,010;1978-00;0;;;Argentina;640;1978-00;2,6;0;  Unknown;9991001;;0,000;235;Industrias Argentinas MAN SAIC - Argentina;6;MAN;G6V235/330ATL;330;4;Oil;4;600;Argentina;0,00;0,00;0,00;0,00;Yes, But Type Not Known;Not Applicable;0;Fluvialba SA;Argentina;229;;0,000;2019-03-04;;37,010;;Fluvialba SA;1853831;1976-00;Oil Engine(s), Geared Drive;0;Fluvialba SA;1853831;0;;;0;0,00;Towing/Pushing, Inland Waterways;;Forte;ARG032059;Fluvialba SA;1853831;In Service/Commission;  Unknown;9991001;0;1978
7800071;BARGARTH;;;;;;8,51;8,920;8,510;1979-11;0;GBBT;;United Kingdom;77;1979-11;3,51;0;  Unknown;9991001;;2,975;254;Ruston Diesels Ltd. - Newton-le-Willows;6;Ruston;6RK3CM;305;4;Oil;2;;United Kingdom;0,00;0,00;0,00;0,00;Yes, But Type Not Known;Not Applicable;0;Bilberry Shipping;Irish Republic;225;1978-08;0,000;2019-03-04;1979-06;28,430;;Fastnet Shipping Ltd;5011675;1977-11;Oil Engine(s), Geared Drive;0;Tuskar Shipping Gibraltar Ltd;1671255;0;;;0;12,00;Towing/Pushing, Inland Waterways;;Scott & Sons (B.S.);GBI077287;Fastnet Shipping Ltd;5011675;In Service/Commission;  Unknown;9991001;0;1979
7807158;HORUS 2;;;;;;8,01;8,540;8,010;1979-05;0;SSCR;LR;Korea, South;80;1979-05;3,71;0;  Unknown;9991001;20160229;2,814;230;Motoren Werke Mannheim AG (MWM) - West Germany;8;MWM;TBD440-8;270;4;Oil;1;900;Egypt;0,00;0,00;0,00;0,00;Distillate Fuel;Not Applicable;0;Egypt Govt;Egypt;251;1978-06;0,000;2017-08-16;1978-12;43,410;;Suez Canal Authority;0104144;1977-05;Oil Engine(s), Geared Drive;0;Suez Canal Authority;0104144;0;;;0;10,00;Towing/Pushing, Inland Waterways;;Koo-Il Industries Co Ltd;KRS020068;Suez Canal Authority;0104144;Laid-Up;Suez Canal Authority;0104144;0;1979
7807160;HORUS 3;;;;;;8,01;8,540;8,010;1979-05;0;SSCS;;Korea, South;80;1979-05;3,71;0;  Unknown;9991001;;2,814;230;Motoren Werke Mannheim AG (MWM) - West Germany;8;MWM;TBD440-8;270;4;Oil;1;900;Egypt;0,00;0,00;0,00;0,00;Yes, But Type Not Known;Not Applicable;0;Egypt Govt;Egypt;251;1978-06;0,000;2019-03-04;1978-12;43,410;;Suez Canal Authority;0104144;1977-05;Oil Engine(s), Geared Drive;0;Suez Canal Authority;0104144;0;;;0;0,00;Towing/Pushing, Inland Waterways;;Koo-Il Industries Co Ltd;KRS020068;Suez Canal Authority;0104144;In Service/Commission;  Unknown;9991001;0;1979
7852866;INERT GAS No. 1;;;;;;12,40;12,420;12,400;1973-08;0;JG3315;;Japan;0;1973-08;2,8;0;  Unknown;9991001;;1,800;0;Mitsubishi Heavy Industries Ltd - Japan;;Mitsubishi;;0;Y;Oil;1;;Japan;0,00;0,00;0,00;0,00;Yes, But Type Not Known;Not Applicable;0;Uyeno Unyu Shokai;Japan;468;1973-02;0,000;2012-01-02;1973-04;36,700;;Uyeno Kosan KK;0674138;1971-08;Oil Engine(s), Direct Drive;0;Uyeno Kosan KK;0674138;0;;;0;1,50;Other Activities, Inland Waterways;;Mitsubishi Hiroshim;JPN421299;Uyeno Kosan KK;0674138;In Service/Commission;  Unknown;9991001;0;1973
8011627;YL 09;;;;;;7,01;0,000;7,010;1980-03;0;;;Japan;52;1980-03;2,62;0;  Unknown;9991001;;1,042;135;Isuzu Marine Engine Inc - Japan;6;Isuzu;E120T-MF6R;140;4;Oil;2;2200;Japan;0,00;0,00;0,00;0,00;Yes, But Type Not Known;Not Applicable;0;Japan Govt;Japan;125;1979-11;0,000;2019-01-25;1980-03;27,010;;Japan Govt Defence Agency;0677676;1978-03;Oil Engine(s), Geared Drive;0;Japan Govt Defence Agency;0677676;0;;;0;0,00;Other Activities, Inland Waterways;;Yokohama Yacht Co Ltd;JPN206153;Japan Govt Defence Agency;0677676;In Service/Commission;  Unknown;9991001;0;1980
8132914;MISS AUDREY;;;;;;7,93;7,930;0,000;1980-00;0;;;United States Of America;0;1980-00;2,6;0;  Unknown;9991001;;0,000;108;General Motors-Detroit Diesel Allison Divn - USA;8;G.M. (Detroit Diesel);8V-71-TI;127;2;Oil;1;;Nigeria;0,00;0,00;0,00;0,00;Yes, But Type Not Known;Not Applicable;0;  Unknown;;133;;0,000;2019-03-05;;19,820;;Seiya Ltd;5436341;1978-00;Oil Engine(s), Direct Drive;0;Seiya Ltd;5436341;0;;;0;0,00;Towing/Pushing, Inland Waterways;;Henry's;USAG61050;Seiya Ltd;5436341;In Service/Commission;  Unknown;9991001;0;1980
8306412;RPA 14;;;;;;7,82;8,030;7,820;1985-07;0;PE6822;;Netherlands;0;1985-07;4,04;0;  Unknown;9991001;;3,150;137;Caterpillar Tractor Co - USA;12;Caterpillar;3412TA;152;4;Oil;2;1800;Netherlands;80,00;0,00;0,00;0,00;Distillate Fuel;Not Applicable;0;Rotterdam Port;Netherlands;200;1983-05;0,000;2019-03-05;1984-01;30,210;244070903;Rotterdam Port;0909773;1983-03;Oil Engine(s), Geared Drive;0;Rotterdam Port;0909773;0;;;0;11,50;Towing/Pushing, Inland Waterways;;Gorter Machinefabriek;NTH439056;Rotterdam Port;0909773;In Service/Commission;Rotterdam Port;0909773;0;1985
8334615;CAPITAN REY II;;;;;;11,28;0,000;11,280;1967-01;0;LW9045;LR BV;United States Of America;813;1967-01;3,2;0;  Unknown;9991001;;2,580;230;General Motors-Detroit Diesel Allison Divn - USA;16;G.M. (Detroit Diesel);16-645-E2;254;2;Oil;2;;Argentina;0,00;0,00;0,00;0,00;Yes, But Type Not Known;Not Applicable;0;National Shipping SA;Argentina;428;;0,000;2019-03-05;;39,500;701006250;National Shipping SA;5351776;1966-01;Oil Engine(s), Geared Drive;0;National Shipping SA;5351776;0;;;0;0,00;Towing/Pushing, Inland Waterways;;Marine Welding;USA325046;National Shipping SA;5351776;In Service/Commission;National Shipping SA;5351776;0;1967
8335011;YERUTI III;;;;;;8,20;0,000;8,200;1940-01;0;ZPDP;LR RI;United States Of America;0;1940-01;3,58;0;  Unknown;9991001;;2,680;0;Caterpillar Inc - USA;;Caterpillar;;0;;Oil;2;;Paraguay;0,00;0,00;0,00;0,00;Yes, But Type Not Known;Not Applicable;0;  Unknown;;260;;0,000;2019-03-05;;40,820;;Yeruti Naviera SA;4198114;1939-01;Oil Engine(s), Geared Drive;0;Yeruti Naviera SA;4198114;0;;;0;0,00;Towing/Pushing, Inland Waterways;;Dravo Corp Pittsburgh;USA065026;Yeruti Naviera SA;4198114;In Service/Commission;  Unknown;9991001;0;1940
8423296;KASKAD;;;;;;9,02;9,300;9,020;1984-00;0;UBPF8;RS RR;Yugoslavia;86;1984-00;4,5;472;  Unknown;9991001;;3,160;250;Tvornica Dizel Motora 'Jugoturbina' - Yugoslavia;6;Sulzer;6ASL25/30;300;4;Oil;2;;Russia;0,00;0,00;0,00;0,00;Yes, But Type Not Known;Not Applicable;0;Amur Shipping Co JSC;Russia;228;;0,000;2019-03-05;;35,230;273336420;Amur Shipping Co JSC;0555505;1982-00;Oil Engine(s), Geared Drive;0;Amur Shipping Co JSC;0555505;0;;;0;11,50;Towing/Pushing, Inland Waterways;;Tito Brodogradiliste - late;YUG017037;Amur Shipping Co JSC;0555505;In Service/Commission;  Unknown;9991001;0;1984
8624759;NAMAO;;;;;;8,54;8,560;8,540;1975-06;0;CZ9742;;Canada;0;1975-00;3,54;0;  Unknown;9991001;;2,130;146;General Motors-Detroit Diesel Allison Divn - USA;12;G.M. (Detroit Diesel);12V-149;146;2;Oil;2;;Canada;47,00;0,00;0,00;0,00;Distillate Fuel;Not Applicable;0;  Unknown;;318;;0,000;2018-10-24;;31,530;316011740;Lake Winnipeg Research;5154516;1972-07;Oil Engine(s), Direct Drive;0;Lake Winnipeg Research;5154516;0;;;0;12,00;Other Activities, Inland Waterways;;Riverton Boat Works Ltd;CAN329061;Lake Winnipeg Research;5154516;In Service/Commission;  Unknown;9991001;0;1975
8635394;D. W. GRIFFITH;;;;;;6,09;0,000;6,090;1976-00;0;WDD4155;;United States Of America;0;1976-00;2,22;0;  Unknown;9991001;;0,000;0;Unknown;;;;0;Y;Oil;1;;United States Of America;;0,00;0,00;0,00;Yes, But Type Not Known;Not Applicable;0;Louisiana Transportation;United States Of America;104;;0,000;2018-11-26;;16,330;367140920;Louisiana Transportation;0595029;1974-00;Oil Engine(s), Direct Drive;0;Louisiana Transportation;0595029;0;;;0;0,00;Towing/Pushing, Inland Waterways;;Verret;USA130050;Louisiana Transportation;0595029;In Service/Commission;  Unknown;9991001;0;1976
8635409;ROSS A. GRAND;;;;;;6,09;0,000;6,090;1976-00;0;WDD4159;;United States Of America;0;1976-00;2,22;0;  Unknown;9991001;;0,000;0;Unknown;;;;0;Y;Oil;1;;United States Of America;;0,00;0,00;0,00;Yes, But Type Not Known;Not Applicable;0;Louisiana Transportation;United States Of America;104;;0,000;2018-11-26;;16,330;367140960;Louisiana Transportation;0595029;1974-00;Oil Engine(s), Direct Drive;0;Louisiana Transportation;0595029;0;;;0;0,00;Towing/Pushing, Inland Waterways;;Verret;USA130050;Louisiana Transportation;0595029;In Service/Commission;  Unknown;9991001;0;1976
8635435;SAVAGE PATHFINDER;;;;;;6,73;0,000;6,730;1976-00;0;WDJ7844;;United States Of America;0;1976-00;2,4;0;  Unknown;9991001;;0,000;0;Unknown;;;;0;Y;Oil;1;;United States Of America;;0,00;0,00;0,00;Yes, But Type Not Known;Not Applicable;0;  Unknown;;101;;0,000;2019-03-05;;16,970;368010650;Savage Inland Marine LLC;6014346;1974-00;Oil Engine(s), Direct Drive;0;Savage Inland Marine LLC;6014346;0;;;0;0,00;Towing/Pushing, Inland Waterways;;Verret;USA130050;Savage Inland Marine LLC;6014346;In Service/Commission;  Unknown;9991001;0;1976
8635643;THOMAS PETERSON;;;;;;7,92;0,000;7,920;1980-00;0;WDJ2500;;United States Of America;0;1980-00;2,8;0;  Unknown;9991001;;0,000;0;Unknown;;;;0;Y;Oil;1;;United States Of America;;0,00;0,00;0,00;Yes, But Type Not Known;Not Applicable;0;Ohio River Salvage Inc;United States Of America;157;;0,000;2018-11-15;;18,740;367758950;Ohio River Salvage Inc;6044226;1978-00;Oil Engine(s), Direct Drive;0;Ohio River Salvage Inc;6044226;0;;;0;0,00;Towing/Pushing, Inland Waterways;;Sherman;USAD75050;Ohio River Salvage Inc;6044226;In Service/Commission;  Unknown;9991001;0;1980
8635655;BUCK JOHNSON;;;;;;8,86;0,000;8,860;1980-00;0;WDG6112;;United States Of America;0;1980-00;3,41;0;  Unknown;9991001;;0,000;0;Unknown;;;;0;Y;Oil;1;;United States Of America;;0,00;0,00;0,00;Yes, But Type Not Known;Not Applicable;0;Ohio River Salvage Inc;United States Of America;268;;0,000;2018-11-15;;24,650;366935450;Ohio River Salvage Inc;6044226;1978-00;Oil Engine(s), Direct Drive;0;Ohio River Salvage Inc;6044226;0;;;0;0,00;Towing/Pushing, Inland Waterways;;Verret;USA130050;Ohio River Salvage Inc;6044226;In Service/Commission;Ohio River Salvage Inc;6044226;0;1980
8635708;VERNON M. WEILAND;;;;;;9,14;0,000;9,140;1981-00;0;WDK2390;;United States Of America;0;1981-00;2,59;0;  Unknown;9991001;;0,000;0;Unknown;;;;0;Y;Oil;1;;United States Of America;;0,00;0,00;0,00;Yes, But Type Not Known;Not Applicable;0;Ohio River Salvage Inc;United States Of America;219;;0,000;2018-11-15;;24,010;367758960;Ohio River Salvage Inc;6044226;1979-00;Oil Engine(s), Direct Drive;0;Ohio River Salvage Inc;6044226;0;;;0;0,00;Towing/Pushing, Inland Waterways;;Dravo Steelship Pine Bluf;USAE28050;Ohio River Salvage Inc;6044226;In Service/Commission;  Unknown;9991001;0;1981
8635722;CORPUS CHRISTI;;;;;;10,05;0,000;10,050;1996-00;0;WDC2785;;United States Of America;0;1996-00;2,89;0;  Unknown;9991001;;0,000;0;Unknown;;;;0;Y;Oil;1;;United States Of America;;0,00;0,00;0,00;Yes, But Type Not Known;Not Applicable;0;Marquette Transportation Co;United States Of America;155;;0,000;2018-11-14;;22,550;366997690;Marquette Trans Gulf-Inland;1926862;1994-00;Oil Engine(s), Direct Drive;0;Marquette Trans Gulf-Inland;1926862;0;;;0;0,00;Towing/Pushing, Inland Waterways;;Quality Shipyards Inc;USA324067;Marquette Trans Gulf-Inland;1926862;In Service/Commission;  Unknown;9991001;0;1996
8635734;DANNI SUE;;;;;;7,95;0,000;7,950;1980-00;0;WDC2787;;United States Of America;0;1980-00;3,01;0;  Unknown;9991001;;0,000;0;Unknown;;;;0;Y;Oil;1;;United States Of America;;0,00;0,00;0,00;Yes, But Type Not Known;Not Applicable;0;Marquette Transportation Co;United States Of America;162;;0,000;2018-11-14;;18,650;366997730;Marquette Trans Gulf-Inland;1926862;1978-00;Oil Engine(s), Direct Drive;0;Marquette Trans Gulf-Inland;1926862;0;;;0;0,00;Towing/Pushing, Inland Waterways;;Ortis A.;USA019056;Marquette Trans Gulf-Inland;1926862;In Service/Commission;  Unknown;9991001;0;1980
8635746;KENLEY;;;;;;9,57;0,000;9,570;1996-00;0;J8B3063;;United States Of America;0;1996-00;3,14;0;Knight Paranam Ltd;1616788;;0,000;170;Caterpillar Inc - USA;12;Caterpillar;3512B-HD;215;4;Oil;2;1600;St Vincent & The Grenadines;;0,00;0,00;0,00;Yes, But Type Not Known;Not Applicable;0;Knight JP Ltd;United Kingdom;327;;0,000;2019-03-05;;25,970;377787000;Knight Paranam Ltd;1616788;1994-00;Oil Engine(s), Geared Drive;0;Knight Paranam Ltd;1616788;0;;;0;0,00;Towing/Pushing, Inland Waterways;;Greenville;USA252048;Knight Paranam Ltd;1616788;In Service/Commission;Knight Paranam Ltd;1616788;0;1996
8635758;JOANNE MARIE;;;;;;7,34;0,000;7,340;1979-00;0;WDC2790;;United States Of America;0;1979-00;2,92;0;  Unknown;9991001;;0,000;0;Unknown;;;;0;Y;Oil;1;;United States Of America;;0,00;0,00;0,00;Yes, But Type Not Known;Not Applicable;0;Marquette Transportation Co;United States Of America;137;;0,000;2018-11-14;;19,200;366997760;Marquette Trans Gulf-Inland;1926862;1977-00;Oil Engine(s), Direct Drive;0;Marquette Trans Gulf-Inland;1926862;0;;;0;0,00;Towing/Pushing, Inland Waterways;;Ortis L.G.;USAD94050;Marquette Trans Gulf-Inland;1926862;In Service/Commission;  Unknown;9991001;0;1979
8635760;NATIVITY;;;;;;7,31;0,000;7,310;1975-00;0;WDC2792;;United States Of America;0;1975-00;3,1;0;  Unknown;9991001;;0,000;0;Unknown;;;;0;Y;Oil;1;;United States Of America;;0,00;0,00;0,00;Yes, But Type Not Known;Not Applicable;0;Marquette Transportation Co;United States Of America;159;;0,000;2018-11-14;;20,230;366997780;Marquette Trans Gulf-Inland;1926862;1973-00;Oil Engine(s), Direct Drive;0;Marquette Trans Gulf-Inland;1926862;0;;;0;0,00;Towing/Pushing, Inland Waterways;;Walker F.B. Pascagoula;USA296054;Marquette Trans Gulf-Inland;1926862;In Service/Commission;  Unknown;9991001;0;1975
8635772;WEST WIND;;;;;;6,73;0,000;6,730;1978-00;0;WDC2793;;United States Of America;0;1978-00;2,4;0;  Unknown;9991001;;0,000;0;Unknown;;;;0;Y;Oil;1;;United States Of America;;0,00;0,00;0,00;Yes, But Type Not Known;Not Applicable;0;  Unknown;;102;;0,000;2018-11-16;;17,610;;West Wind Towing LLC;6071985;1976-00;Oil Engine(s), Direct Drive;0;West Wind Towing LLC;6071985;0;;;0;0,00;Towing/Pushing, Inland Waterways;;Verret;USA130050;West Wind Towing LLC;6071985;In Service/Commission;  Unknown;9991001;0;1978
8635784;KRISTIN ALEXIS;;;;;;7,34;0,000;7,340;1978-00;0;WDC2794;;United States Of America;0;1978-00;2,95;0;  Unknown;9991001;;0,000;0;Unknown;;;;0;Y;Oil;1;;United States Of America;;0,00;0,00;0,00;Yes, But Type Not Known;Not Applicable;0;Marquette Transportation Co;United States Of America;146;;0,000;2019-03-05;;18,830;366997820;Marquette Trans Gulf-Inland;1926862;1976-00;Oil Engine(s), Direct Drive;0;Marquette Trans Gulf-Inland;1926862;0;;;0;0,00;Towing/Pushing, Inland Waterways;;Ortis A.;USA019056;Marquette Trans Gulf-Inland;1926862;In Service/Commission;  Unknown;9991001;0;1978
8635796;LAUREN ELIZABETH;;;;;;7,95;0,000;7,950;1979-00;0;WDC2795;;United States Of America;0;1979-00;2,92;0;  Unknown;9991001;;0,000;0;Unknown;;;;0;Y;Oil;1;;United States Of America;;0,00;0,00;0,00;Yes, But Type Not Known;Not Applicable;0;Marquette Transportation Co;United States Of America;160;;0,000;2018-11-14;;18,650;366997830;Marquette Trans Gulf-Inland;1926862;1977-00;Oil Engine(s), Direct Drive;0;Marquette Trans Gulf-Inland;1926862;0;;;0;0,00;Towing/Pushing, Inland Waterways;;Ortis A.;USA019056;Marquette Trans Gulf-Inland;1926862;In Service/Commission;  Unknown;9991001;0;1979
8635801;MARY KAY;;;;;;7,92;0,000;7,920;1998-00;0;WDC2796;;United States Of America;0;1998-00;3,04;0;  Unknown;9991001;;0,000;0;Unknown;;;;0;Y;Oil;1;;United States Of America;;0,00;0,00;0,00;Yes, But Type Not Known;Not Applicable;0;Marquette Transportation Co;United States Of America;114;;0,000;2018-11-14;;20,110;366997840;Marquette Trans Gulf-Inland;1926862;1996-00;Oil Engine(s), Direct Drive;0;Marquette Trans Gulf-Inland;1926862;0;;;0;0,00;Towing/Pushing, Inland Waterways;;Toche Boat Ocean Springs;USAC56050;Marquette Trans Gulf-Inland;1926862;In Service/Commission;  Unknown;9991001;0;1998
8635813;MISS ROSLYN;;;;;;7,34;0,000;7,340;1979-00;0;WDC2797;;United States Of America;0;1979-00;2,92;0;  Unknown;9991001;;0,000;0;Unknown;;;;0;Y;Oil;1;;United States Of America;;0,00;0,00;0,00;Yes, But Type Not Known;Not Applicable;0;Marquette Transportation Co;United States Of America;143;;0,000;2018-11-14;;18,650;366997850;Marquette Trans Gulf-Inland;1926862;1977-00;Oil Engine(s), Direct Drive;0;Marquette Trans Gulf-Inland;1926862;0;;;0;0,00;Towing/Pushing, Inland Waterways;;Ortis A.;USA019056;Marquette Trans Gulf-Inland;1926862;In Service/Commission;  Unknown;9991001;0;1979
8635825;SYDNEY RAE;;;;;;7,95;0,000;7,950;1982-00;0;WDJ3355;;United States Of America;0;1982-00;2,98;0;  Unknown;9991001;;0,000;0;Unknown;;;;0;Y;Oil;1;;United States Of America;;0,00;0,00;0,00;Yes, But Type Not Known;Not Applicable;0;Orion Group Holdings Inc;United States Of America;141;;0,000;2019-03-05;;17,860;367767220;Orion Marine Construction Inc;0798831;1980-00;Oil Engine(s), Direct Drive;0;Orion Marine Construction Inc;0798831;0;;;0;0,00;Towing/Pushing, Inland Waterways;;Morley;USAH67050;Orion Marine Construction Inc;0798831;In Service/Commission;Orion Marine Construction Inc;0798831;0;1982
8635837;PAIGE GERTRUDE;;;;;;7,34;0,000;7,340;1979-00;0;WDC2799;;United States Of America;0;1979-00;2,92;0;  Unknown;9991001;;0,000;0;Unknown;;;;0;Y;Oil;1;;United States Of America;;0,00;0,00;0,00;Yes, But Type Not Known;Not Applicable;0;Marquette Transportation Co;United States Of America;133;;0,000;2018-11-14;;19,200;366997870;Marquette Trans Gulf-Inland;1926862;1977-00;Oil Engine(s), Direct Drive;0;Marquette Trans Gulf-Inland;1926862;0;;;0;0,00;Towing/Pushing, Inland Waterways;;Ortis L.G.;USAD94050;Marquette Trans Gulf-Inland;1926862;In Service/Commission;  Unknown;9991001;0;1979
8635849;PARACLETE;;;;;;7,92;0,000;7,920;1997-01;0;WDC2800;;United States Of America;0;1997-00;3,04;0;  Unknown;9991001;;0,000;0;Unknown;;;;0;Y;Oil;1;;United States Of America;;0,00;0,00;0,00;Yes, But Type Not Known;Not Applicable;0;Marquette Transportation Co;United States Of America;114;;0,000;2018-11-14;;20,110;366997880;Marquette Trans Gulf-Inland;1926862;1995-01;Oil Engine(s), Direct Drive;0;Marquette Trans Gulf-Inland;1926862;0;;;0;0,00;Towing/Pushing, Inland Waterways;;Thoma-Sea Boatbuilders Inc;USAB45050;Marquette Trans Gulf-Inland;1926862;In Service/Commission;  Unknown;9991001;0;1997
8635851;JOSEPH W CARL;;;;;;7,34;0,000;7,340;1979-00;0;WDK3445;;United States Of America;0;1979-00;2,92;0;  Unknown;9991001;;0,000;0;Unknown;;;;0;Y;Oil;1;;United States Of America;;0,00;0,00;0,00;Yes, But Type Not Known;Not Applicable;0;  Unknown;;137;;0,000;2018-11-14;;19,200;368045340;Bellaire Harbor Service LLC;5654611;1977-00;Oil Engine(s), Direct Drive;0;Bellaire Harbor Service LLC;5654611;0;;;0;0,00;Towing/Pushing, Inland Waterways;;Ortis L.G.;USAD94050;Bellaire Harbor Service LLC;5654611;In Service/Commission;  Unknown;9991001;0;1979
8635863;RAY ECKSTEIN;;;;;;7,92;0,000;7,920;1998-00;0;WDC2804;;United States Of America;0;1998-00;3,04;0;  Unknown;9991001;;0,000;137;Caterpillar Inc - USA;12;Caterpillar;3412;152;4;Oil;2;1800;United States Of America;;0,00;0,00;0,00;Yes, But Type Not Known;Not Applicable;0;Marquette Transportation Co;United States Of America;114;;0,000;2019-02-20;;20,110;366997930;Marquette Trans Gulf-Inland;1926862;1996-00;Oil Engine(s), Geared Drive;0;Marquette Trans Gulf-Inland;1926862;0;;;0;0,00;Towing/Pushing, Inland Waterways;;Johnson Ship/Repair Bayou;USAA94050;Marquette Trans Gulf-Inland;1926862;In Service/Commission;  Unknown;9991001;0;1998
8635875;ROSS SALVAGGIO;;;;;;7,92;0,000;7,920;1996-01;0;WDC2805;;United States Of America;0;1996-00;3,04;0;  Unknown;9991001;;0,000;0;Unknown;;;;0;Y;Oil;1;;United States Of America;;0,00;0,00;0,00;Yes, But Type Not Known;Not Applicable;0;Marquette Transportation Co;United States Of America;114;;0,000;2018-11-14;;20,110;366997940;Marquette Trans Gulf-Inland;1926862;1994-01;Oil Engine(s), Direct Drive;0;Marquette Trans Gulf-Inland;1926862;0;;;0;0,00;Towing/Pushing, Inland Waterways;;Thoma-Sea Boatbuilders Inc;USAB45050;Marquette Trans Gulf-Inland;1926862;In Service/Commission;  Unknown;9991001;0;1996
8635887;DARLANE B;;;;;;7,92;0,000;7,920;1975-00;0;WDI5847;;United States Of America;0;1975-00;3,2;0;  Unknown;9991001;;0,000;0;Unknown;;;;0;Y;Oil;1;;United States Of America;;0,00;0,00;0,00;Yes, But Type Not Known;Not Applicable;0;  Unknown;;171;;0,000;2018-11-14;;20,260;367712580;Industry Terminal & Salvage Co;5603085;1973-00;Oil Engine(s), Direct Drive;0;Industry Terminal & Salvage Co;5603085;0;;;0;0,00;Towing/Pushing, Inland Waterways;;Toche Boat Ocean Springs;USAC56050;Industry Terminal & Salvage Co;5603085;In Service/Commission;  Unknown;9991001;0;1975
8635899;MISS KATE;;;;;;7,31;0,000;7,310;1975-00;0;WDG5343;;United States Of America;0;1975-00;2,62;0;  Unknown;9991001;;0,000;0;Unknown;;;;0;Y;Oil;1;;United States Of America;;0,00;0,00;0,00;Yes, But Type Not Known;Not Applicable;0;  Unknown;;121;;0,000;2018-11-14;;18,710;367545690;Industry Terminal & Salvage Co;5603085;1973-00;Oil Engine(s), Direct Drive;0;Industry Terminal & Salvage Co;5603085;0;;;0;0,00;Towing/Pushing, Inland Waterways;;Wall;USAE89050;Industry Terminal & Salvage Co;5603085;In Service/Commission;  Unknown;9991001;0;1975
8635930;TAYLOR MARIE;;;;;;7,31;0,000;7,310;1974-00;0;WDC2822;;United States Of America;0;1974-00;3,1;0;  Unknown;9991001;;0,000;0;Unknown;;;;0;Y;Oil;1;;United States Of America;;0,00;0,00;0,00;Yes, But Type Not Known;Not Applicable;0;Marquette Transportation Co;United States Of America;161;;0,000;2018-11-14;;20,230;366998130;Marquette Trans Gulf-Inland;1926862;1972-00;Oil Engine(s), Direct Drive;0;Marquette Trans Gulf-Inland;1926862;0;;;0;0,00;Towing/Pushing, Inland Waterways;;Walker F.B. Pascagoula;USA296054;Marquette Trans Gulf-Inland;1926862;In Service/Commission;  Unknown;9991001;0;1974
8638217;BAKESTEYN;;;;;;12,00;0,000;12,000;1973-01;0;PD8887;;Netherlands;3102;1973-01;4,1;0;  Unknown;9991001;;4,080;0;Unknown;;;;0;;Oil;1;;Netherlands;0,00;0,00;0,00;0,00;Yes, But Type Not Known;Not Applicable;0;  Unknown;;0;;0,000;2018-11-14;;85,490;244660223;Rptd Sold Undisclosed Interest;9991942;1972-04;Oil Engine(s), Direct Drive;0;Rptd Sold Undisclosed Interest;9991942;0;;;0;0,00;Dredging, Inland Waterways;;Slob J.C. Sliedrecht;NTH263044;Rptd Sold Undisclosed Interest;9991942;In Service/Commission;  Unknown;9991001;0;1973
8644503;BRANTLEY;;;;;;6,70;0,000;6,700;1974-00;0;WDB2354;;United States Of America;0;1974-00;2,46;0;  Unknown;9991001;;0,000;0;Unknown;;;;0;Y;Oil;1;;United States Of America;;0,00;0,00;0,00;Yes, But Type Not Known;Not Applicable;0;  Unknown;;103;;0,000;2018-12-10;;17,370;338519000;Lacouture M;6075767;1972-00;Oil Engine(s), Direct Drive;0;Lacouture M;6075767;0;;;0;0,00;Towing/Pushing, Inland Waterways;;Intracoastal;USAF45050;Lacouture M;6075767;In Service/Commission;  Unknown;9991001;0;1974
8687385;KAKISA;;;;;;10,70;0,000;10,700;1973-07;0;;;Canada;0;1973-07;2,29;0;  Unknown;9991001;;0,000;137;Caterpillar Inc - USA;12;Caterpillar;D348;165;4;Oil;2;2000;Canada;0,00;0,00;0,00;0,00;Yes, But Type Not Known;Not Applicable;0;Northwest Territories Govt;Canada;203;;0,000;2017-03-16;;25,300;;Northwest Territories Govt PWS;5974033;1973-01;Oil Engine(s), Geared Drive;0;Northwest Territories Govt PWS;5974033;0;;;0;0,00;Towing/Pushing, Inland Waterways;;Bel-Aire Shipyard Ltd;CAN084043;Northwest Territories Govt PWS;5974033;In Service/Commission;Northwest Territories Govt PWS;5974033;0;1973
8836637;MARTHA LYNN;;;;;;15,39;0,000;15,392;1966-00;0;WDG4104;;United States Of America;0;1966-00;3,505;0;  Unknown;9991001;;0,000;0;in the United States of America ;;;;0;Y;Oil;1;;United States Of America;0,00;0,00;0,00;0,00;Yes, But Type Not Known;Not Applicable;0;Ingram Barge Co;United States Of America;879;;0,000;2018-11-26;;54,894;367533020;Ingram Barge Co;5207748;1964-00;Oil Engine(s), Direct Drive;0;Ingram Barge Co;5207748;0;;;0;0,00;Towing/Pushing, Inland Waterways;;Nashville Bridge;USA270044;Ingram Barge Co;5207748;In Service/Commission;Ingram Barge Co;5207748;0;1966
8836649;SALLY BROMFIELD;;;;;;15,39;0,000;15,392;1965-00;0;WDG4107;;United States Of America;0;1965-00;3,505;0;  Unknown;9991001;;0,000;0;in the United States of America ;;;;0;Y;Oil;1;;United States Of America;0,00;0,00;0,00;0,00;Yes, But Type Not Known;Not Applicable;0;Ingram Barge Co;United States Of America;879;;0,000;2018-11-26;;54,894;367533050;Ingram Barge Co;5207748;1963-00;Oil Engine(s), Direct Drive;0;Ingram Barge Co;5207748;0;;;0;0,00;Towing/Pushing, Inland Waterways;;Nashville Bridge;USA270044;Ingram Barge Co;5207748;In Service/Commission;Ingram Barge Co;5207748;0;1965
8842105;ACHILLES;;;;;;7,38;0,000;7,376;1970-00;0;WDC2571;;United States Of America;0;1970-00;3,108;0;  Unknown;9991001;;0,000;0;in the United States of America ;;;;0;Y;Oil;1;;United States Of America;0,00;0,00;0,00;0,00;Yes, But Type Not Known;Not Applicable;0;Kirby Corp;United States Of America;140;;0,000;2011-10-09;;21,700;366995130;Kirby Inland Marine LP;1930958;1968-00;Oil Engine(s), Direct Drive;0;Kirby Inland Marine LP;1930958;0;;;0;0,00;Towing/Pushing, Inland Waterways;;Main;USA107010;Kirby Inland Marine LP;1930958;In Service/Commission;  Unknown;9991001;0;1970
8842337;ARTHUR J. CARSON;;;;;;9,75;0,000;9,753;1974-01;0;WDE5148;;United States Of America;0;1974-01;2,743;0;  Unknown;9991001;;2,750;159;Cummins Engine Co Inc - USA;16;Cummins;QSK50-M;159;4;Oil;2;1800;United States Of America;0,00;0,00;0,00;0,00;Yes, But Type Not Known;Not Applicable;0;Ingram Barge Co;United States Of America;322;;0,000;2018-11-26;;27,889;367362710;Ingram Barge Co;5207748;1972-01;Oil Engine(s), Geared Drive;0;Ingram Barge Co;5207748;0;;;0;0,00;Towing/Pushing, Inland Waterways;;Lemay;USAC50050;Ingram Barge Co;5207748;In Service/Commission;Ingram Barge Co;5207748;0;1974
8846187;DAVID M O LOUGHLIN;;;;;;13,72;0,000;13,716;1984-00;0;WDG4094;;United States Of America;0;1984-00;2,377;0;  Unknown;9991001;;0,000;0;in the United States of America ;;;;0;Y;Oil;1;;United States Of America;0,00;0,00;0,00;0,00;Yes, But Type Not Known;Not Applicable;0;Ingram Barge Co;United States Of America;785;;0,000;2018-11-26;;53,644;367532910;Ingram Barge Co;5207748;1982-00;Oil Engine(s), Direct Drive;0;Ingram Barge Co;5207748;0;;;0;0,00;Towing/Pushing, Inland Waterways;;St Louis Pott;USA283042;Ingram Barge Co;5207748;In Service/Commission;Ingram Barge Co;5207748;0;1984
8849115;STATUM;;;;;;9,00;9,040;9,000;1964-04;0;PB8947;;Belgium;61;1964-04;2,5;0;  Unknown;9991001;;0,000;137;Caterpillar Inc - USA;12;Caterpillar;3412E;152;4;Oil;2;1800;Netherlands;0,00;0,00;0,00;0,00;Yes, But Type Not Known;Not Applicable;0;  Unknown;;0;;0,000;2018-07-23;;15,500;244710944;Rptd Sold Undisclosed Interest;9991942;1962-04;Oil Engine(s), Geared Drive;0;Rptd Sold Undisclosed Interest;9991942;0;;;0;0,00;Towing/Pushing, Inland Waterways;;Smidts;BLG016030;Rptd Sold Undisclosed Interest;9991942;In Service/Commission;  Unknown;9991001;0;1964
8851326;LANDRY JO;;;;;;7,92;0,000;7,924;1980-00;0;WDK4287;;United States Of America;0;1980-00;2,743;0;  Unknown;9991001;;0,000;0;in the United States of America ;;;;0;Y;Oil;1;;United States Of America;0,00;0,00;0,00;0,00;Yes, But Type Not Known;Not Applicable;0;Knight Manufacturing Corp;United States Of America;138;;0,000;2018-12-10;;19,812;367302210;Knight Manufacturing Corp;6075824;1978-00;Oil Engine(s), Direct Drive;0;Knight Manufacturing Corp;6075824;0;;;0;0,00;Towing/Pushing, Inland Waterways;;Thrift;USAB46050;Knight Manufacturing Corp;6075824;In Service/Commission;  Unknown;9991001;0;1980
8891479;TRACY FEDKOE;;;;;;9,05;0,000;9,050;1969-00;0;WDJ8118;;United States Of America;0;1969-00;2,87;0;  Unknown;9991001;;0,000;159;Caterpillar Tractor Co - USA;8;Caterpillar;D379SCAC;203;4;Oil;3;;United States Of America;;0,00;0,00;0,00;Yes, But Type Not Known;Not Applicable;0;Borghese Lane LLC;United States Of America;191;;0,000;2018-12-10;;19,960;366995420;Borghese Lane LLC;5953372;1967-00;Oil Engine(s), Geared Drive;0;Borghese Lane LLC;5953372;0;;;0;0,00;Towing/Pushing, Inland Waterways;;St Charles Works;USA326053;Borghese Lane LLC;5953372;In Service/Commission;Borghese Lane LLC;5953372;0;1969
8892241;JAKOB;;;;;;7,03;0,000;7,030;1943-00;0;OYNJ;;United States Of America;0;1943-00;2,98;0;  Unknown;9991001;;0,000;260;Alpha Diesel A/S - Denmark;9;Alpha;409-26VO;400;2;Oil;1;400;Denmark;;0,00;0,00;0,00;Yes, But Type Not Known;Not Applicable;0;  Unknown;;139;;0,000;2018-07-18;;26,020;219003249;Fonden Jakob;5226950;1941-00;Oil Engine(s), Direct Drive;0;Fonden Jakob;5226950;0;;;0;12,00;Towing/Pushing, Inland Waterways;;Levingston Orange;USA100010;Fonden Jakob;5226950;In Service/Commission;  Unknown;9991001;0;1943
8956695;MIKAEL I;;;;;;8,33;0,000;8,330;1974-01;0;LG9640;VL;Poland;0;1974-01;2,8;0;  Unknown;9991001;20190704;2,050;120;Kloeckner-Humboldt-Deutz AG - West Germany;12;Deutz;BF12L714;140;4;Oil;2;1800;Norway;;0,00;0,00;0,00;Yes, But Type Not Known;Not Applicable;0;  Unknown;;282;;0,000;2017-08-07;;45,100;257994800;Kragero Sjotnester AS;5600165;1972-01;Oil Engine(s), Geared Drive;0;Kragero Sjotnester AS;5600165;0;;;0;9,00;Dredging, Inland Waterways;;Tczewska Stocznia Rzeczna;POL014047;Kragero Sjotnester AS;5600165;In Service/Commission;  Unknown;9991001;0;1974
8971554;SAVANNAH;;;;;;7,31;0,000;7,310;1971-00;0;WDJ7897;;United States Of America;0;1971-00;2,49;0;  Unknown;9991001;;0,000;0;Unknown;;;;0;Y;Oil;1;;United States Of America;;0,00;0,00;0,00;Yes, But Type Not Known;Not Applicable;0;  Unknown;;106;;0,000;2018-01-24;;16,970;368011140;Sunshine Equipment LLC;6026763;1969-00;Oil Engine(s), Direct Drive;0;Sunshine Equipment LLC;6026763;0;;;0;0,00;Towing/Pushing, Inland Waterways;;Siracusa;USAF38050;Sunshine Equipment LLC;6026763;In Service/Commission;  Unknown;9991001;0;1971
8972106;SAN JOSE V;;;;;;8,50;0,000;8,500;1975-00;0;LW4007;RI;United States Of America;95;1975-00;2,75;0;  Unknown;9991001;;0,000;0;General Motors Corp. Electro-Motive Div. - La Grange;;General Motors;;0;2;Oil;2;;Argentina;0,00;0,00;0,00;0,00;Yes, But Type Not Known;Not Applicable;0;Ultrapetrol Bahamas Ltd;Bahamas;114;;0,000;2018-10-22;;23,360;701006245;ACBL Hidrovias SA;1696452;1973-00;Oil Engine(s), Geared Drive;0;UABL SA;1993655;0;;;0;15,00;Towing/Pushing, Inland Waterways;;Missouri Leavenworth;USA120016;ACBL Hidrovias SA;1696452;In Service/Commission;  Unknown;9991001;0;1975
8987022;MB-1213;;;;;;10,20;10,400;10,200;1988-12;0;UFEZ;RS;U.S.S.R.;216;1988-12;3,5;801;Stal-Flot CJSC;5522244;;2,460;275;CKD Praha - Praha;6;CKD;6-27.5 A2L;330;4;Oil;2;600;Russia;164,00;0,00;0,00;0,00;Distillate Fuel;Not Applicable;0;Albros Shipping & Trading Ltd;Turkey;726;;0,000;2018-10-25;;49,600;273448630;Stal-Flot CJSC;5522244;1986-12;Oil Engine(s), Direct Drive;0;Stal-Flot CJSC;5522244;0;;;177;9,00;Towing/Pushing, Inland Waterways;;Kama;USR033046;Stal-Flot CJSC;5522244;In Service/Commission;Stal-Flot CJSC;5522244;0;1988
8987357;MISS ODESSA;;;;;;7,30;0,000;7,300;1976-00;0;WDK4615;;United States Of America;168;1976-00;3,1;0;  Unknown;9991001;;2,190;159;Cummins Engine Co Inc - USA;6;Cummins;KTA-19-M3;159;4;Oil;2;1800;United States Of America;0,00;0,00;0,00;0,00;Yes, But Type Not Known;Not Applicable;0;  Unknown;;158;;0,000;2018-12-14;;20,100;367430630;Mouton Legacy LLC;6076371;1973-01;Oil Engine(s), Geared Drive;0;Mouton Legacy LLC;6076371;0;;;0;0,00;Towing/Pushing, Inland Waterways;;Walker F.B. Pascagoula;USA296054;Mouton Legacy LLC;6076371;In Service/Commission;  Unknown;9991001;0;1976
8999659;MB-1216;;;;;;10,20;10,400;10,200;1989-07;0;UHAZ;RS;U.S.S.R.;187;1989-07;3,5;801;Morwenna Shipping Co Ltd;5871961;20200428;2,450;275;CKD Praha - Praha;6;Skoda;6L275A2;350;4;Oil;2;600;Russia;164,00;0,00;0,00;0,00;Distillate Fuel;Not Applicable;0;Morwenna Shipping Co Ltd;Russia;680;;0,000;2019-02-07;;49,600;273445170;Morwenna Shipping Co Ltd;5871961;1986-01;Oil Engine(s), Geared Drive;0;Morwenna Shipping Co Ltd;5871961;0;;;0;9,00;Towing/Pushing, Inland Waterways;;Kama;USR033046;Morwenna Shipping Co Ltd;5871961;In Service/Commission;Morwenna Shipping Co Ltd;5871961;0;1989
8999972;RAVI;;;;;;7,40;0,000;7,400;1999-03;0;;;India;92;1999-03;3,25;0;  Unknown;9991001;;2,510;137;Caterpillar Inc - USA;12;Caterpillar;3412TA;152;4;Oil;2;1800;India;10,00;0,00;0,00;0,00;Distillate Fuel;Not Applicable;0;India Govt;India;120;;0,000;2011-10-09;;22,000;;Mumbai Port Trust;0037381;1996-01;Oil Engine(s), Geared Drive;0;Mumbai Port Trust;0037381;0;;;0;11,00;Towing/Pushing, Inland Waterways;;Alcock Ashdown Gujarat;IND002062;Mumbai Port Trust;0037381;In Service/Commission;  Unknown;9991001;0;1999
9054975;RHENUS BEOGRAD;;;;;;11,20;0,000;11,200;1992-12;0;DA3798;;Netherlands;65;1992-12;0;0;  Unknown;9991001;;2,000;170;Motoren Werke Mannheim AG (MWM) - Mannheim;12;MWM;TBD604BV12;195;4;Oil;2;;Germany;0,00;0,00;0,00;0,00;Yes, But Type Not Known;Not Applicable;0;Rhenus SE & Co KG;Germany;160;1992-02;0,000;2018-10-12;1992-08;19,080;211715950;CFND;4254111;1990-12;Oil Engine(s), Geared Drive;0;CFND;4254111;0;;;0;0,00;Towing/Pushing, Inland Waterways;;Made;NTH310116;CFND;4254111;In Service/Commission;  Unknown;9991001;0;1992
9054987;AD FUNDUM;;;;;;11,15;11,200;11,150;1993-02;0;;;Netherlands;0;1993-02;2,7;0;  Unknown;9991001;;1,750;170;Motoren Werke Mannheim AG (MWM) - Mannheim;12;MWM;TBD604BV12;195;4;Oil;2;1500;Unknown;0,00;0,00;0,00;0,00;Yes, But Type Not Known;Not Applicable;0;  Unknown;;160;1992-05;0,000;2018-08-02;1992-11;19,000;;Rptd Sold Undisclosed Interest;9991942;1991-02;Oil Engine(s), Geared Drive;0;Rptd Sold Undisclosed Interest;9991942;0;;;0;0,00;Towing/Pushing, Inland Waterways;;Made;NTH310116;Rptd Sold Undisclosed Interest;9991942;In Service/Commission;  Unknown;9991001;0;1993
9054999;RHENUS CONSTANTA;;;;;;11,15;11,200;11,150;1993-03;0;DK8899;;Netherlands;65;1993-03;2,7;0;  Unknown;9991001;;1,750;170;Motoren Werke Mannheim AG (MWM) - Mannheim;12;MWM;TBD604BV12;195;4;Oil;2;1500;Germany;0,00;0,00;0,00;0,00;Yes, But Type Not Known;Not Applicable;0;Rhenus SE & Co KG;Germany;160;1992-06;0,000;2018-10-12;1992-12;19,000;211718220;CFND;4254111;1991-03;Oil Engine(s), Geared Drive;0;CFND;4254111;0;;;0;0,00;Towing/Pushing, Inland Waterways;;Made;NTH310116;CFND;4254111;In Service/Commission;  Unknown;9991001;0;1993
9092525;BEZZ I;;;;;;9,50;0,000;9,500;1975-01;0;9H7010;;Malta;0;1975-01;3,25;0;  Unknown;9991001;;3,250;120;Kloeckner-Humboldt-Deutz AG - West Germany;12;Deutz;BF12L714;140;4;Oil;2;1800;Malta;0,00;0,00;0,00;0,00;Yes, But Type Not Known;Not Applicable;0;Bezzina Maritime Services Ltd;Malta;516;;0,000;2018-09-04;;58,250;215000094;Bezzina Maritime Services Ltd;0050581;1973-01;Oil Engine(s), Geared Drive;0;Bezzina Maritime Services Ltd;0050581;0;;;0;0,00;Dredging, Inland Waterways;;Malta Dd;MTA001019;Bezzina Maritime Services Ltd;0050581;In Service/Commission;ABC Maritime AG;1191255;0;1975
9092537;BEZZ II;;;;;;9,50;0,000;9,500;1975-01;0;9H7011;;Malta;0;1975-01;3,25;0;  Unknown;9991001;;3,250;120;Kloeckner-Humboldt-Deutz AG - West Germany;12;Deutz;BF12L714;140;4;Oil;2;1800;Malta;0,00;0,00;0,00;0,00;Yes, But Type Not Known;Not Applicable;0;Bezzina Maritime Services Ltd;Malta;516;;0,000;2018-09-04;;58,250;249000897;Bezzina Maritime Services Ltd;0050581;1973-01;Oil Engine(s), Geared Drive;0;Bezzina Maritime Services Ltd;0050581;0;;;0;0,00;Dredging, Inland Waterways;;Malta Dd;MTA001019;Bezzina Maritime Services Ltd;0050581;In Service/Commission;  Unknown;9991001;0;1975
9097240;PAL-6;;;;;;12,80;13,000;12,800;1988-12;0;UANG6;;U.S.S.R.;102;1988-12;3,8;771;Palmali Co Ltd;1922502;;2,500;200;SKL Motoren- u. Systemtechnik AG - Magdeburg;6;S.K.L.;6VD26/20AL-2;260;4;Oil;2;1000;Russia;0,00;0,00;0,00;0,00;Yes, But Type Not Known;Not Applicable;0;Palmali Shipping & Agency;Turkey;825;1988-02;0,000;2018-12-20;;41,500;273318250;Palmali Co Ltd;1922502;1988-01;Oil Engine(s), Geared Drive;0;Palmali Co Ltd;1922502;0;;;0;0,00;Towing/Pushing, Inland Waterways;;U.S.S.R. Unknown;USR000011;Palmali Co Ltd;1922502;In Service/Commission;Palmali Co Ltd;1922502;0;1988
9097422;PAL-5;;;;;;11,60;12,200;11,600;1969-09;0;UAZT;;Hungary;135;1969-09;3,3;705;Palmali Co Ltd;1922502;;2,200;320;"VEB Schwermaschinenbau ""Karl Liebknecht"" (SKL) - Magdeburg";8;S.K.L.;8NVD48A-2U;480;4;Oil;2;428;Russia;0,00;0,00;0,00;0,00;Yes, But Type Not Known;Not Applicable;0;Palmali Shipping & Agency;Turkey;655;1969-05;0,000;2018-12-13;;49,600;273449260;Palmali Co Ltd;1922502;1967-09;Oil Engine(s), Drive Unknown;0;Palmali Co Ltd;1922502;0;;;0;0,00;Towing/Pushing, Inland Waterways;;Obuda Hungarian;HUN005047;Palmali Co Ltd;1922502;In Service/Commission;Palmali Co Ltd;1922502;0;1969
9097434;PAL-3;;;;;;12,02;12,200;12,020;1969-08;0;UEDW;;Hungary;137;1969-08;3,3;705;Palmali Co Ltd;1922502;;2,170;320;"VEB Schwermaschinenbau ""Karl Liebknecht"" (SKL) - Magdeburg";6;S.K.L.;6NVD48A-2U;480;4;Oil;2;428;Russia;0,00;0,00;0,00;0,00;Yes, But Type Not Known;Not Applicable;0;Palmali Shipping & Agency;Turkey;655;1969-05;0,000;2018-12-12;;49,600;273465548;Palmali Co Ltd;1922502;1967-08;Oil Engine(s), Drive Unknown;0;Palmali Co Ltd;1922502;0;;;0;0,00;Towing/Pushing, Inland Waterways;;Obuda Hungarian;HUN005047;Palmali Co Ltd;1922502;In Service/Commission;Palmali Co Ltd;1922502;0;1969
9097537;SOEMBA;DAF;DAF;DK1160M;4;40;9,00;0,000;9,000;1989-11;0;;LR;Netherlands;109;1988-11;2,9;314;  Unknown;9991001;;1,500;130;DAF Nederland Bedrijfswagen B.V. - Eindhoven;6;Daf;DKV1160M;146;4;Oil;2;;Netherlands;0,00;0,00;0,00;0,00;Yes, But Type Not Known;Not Applicable;0;Netherlands Govt;Netherlands;0;;0,000;2019-02-07;1989-08;35,000;;Netherlands Govt DOOCZ;5192961;1987-11;Oil Engine(s), Geared Drive;0;Netherlands Govt Defensie;0918198;0;;;0;10,00;Other Activities, Inland Waterways;;Vervako;NTH433056;Netherlands Govt Marine;0275169;In Service/Commission;  Unknown;9991001;0;1989
9158068;DESCHUTES;;;;;;10,50;10,970;10,500;1997-06;0;;;United States Of America;0;1997-06;4,1;0;  Unknown;9991001;;3,290;146;General Motors-Detroit Diesel Allison Divn - USA;16;G.M. (Detroit Diesel);16V-149-TI;146;2;Oil;2;1800;United States Of America;23,00;0,00;0,00;0,00;Distillate Fuel;Not Applicable;0;Shaver Transportation Co;United States Of America;320;1996-08;0,000;2018-08-16;1997-03;27,730;367513160;Shaver Transportation Co;0399756;1995-06;Oil Engine(s), Geared Drive;0;Shaver Transportation Co;0399756;0;;;0;10,00;Towing/Pushing, Inland Waterways;;Martinac JM Shipbuilding Corp;USA113018;Shaver Transportation Co;0399756;In Service/Commission;Shaver Transportation Co;0399756;0;1997
9202065;SHAMEKH I;CUMMINS;CUMMINS;6BT5.9-M;4;91;19,00;19,300;19,000;2002-01;0;;LR;Egypt;304;2002-01;4;0;  Unknown;9991001;20050122;2,500;242;Anglo Belgian Corp NV (ABC) - Belgium;6;A.B.C.;6MDXS;320;4;Oil;2;750;Egypt;0,00;0,00;0,00;0,00;Yes, But Type Not Known;Not Applicable;0;Egypt Govt;Egypt;400;1999-02;0,000;2019-01-02;2001-02;39,600;;Suez Canal Authority;0104144;1998-10;Oil Engine(s), Electric Drive;0;Suez Canal Authority;0104144;0;;;0;0,00;Other Activities, Inland Waterways;;Suez Canal Port Said;EGY002015;Suez Canal Authority;0104144;In Service/Commission;  Unknown;9991001;0;2002
9218583;WURTOL;;;;;;13,00;0,000;13,000;1999-07;0;;;Singapore;0;1999-07;4,7;0;  Unknown;9991001;;4,200;137;Caterpillar Inc - USA;12;Caterpillar;3412TA;152;4;Oil;2;1800;Unknown;21,00;0,00;4,00;4,25;Distillate Fuel;Not Applicable;0;Hong Kong River Engineering;Hong Kong, China;1048;1999-01;0,000;2018-07-27;;62,950;;Hong Kong River Engineering;5531110;1996-10;Oil Engine(s), Geared Drive;0;Hong Kong River Engineering;5531110;0;;;0;7,00;Dredging, Inland Waterways;;ASL Shipyard Pte Ltd;SNG073050;Hong Kong River Engineering;5531110;In Service/Commission;Hong Kong River Engineering;5531110;0;1999
9305257;DIAGUITA;Cummins;Cummins;6CT8.3-M;4;97;9,00;10,059;9,000;2004-09;0;LW2637;LR;Singapore;123;2004-09;4,7;522;  Unknown;9991001;20171031;3,800;220;Niigata Engineering Co Ltd - Japan;6;Niigata;6L22HLX;300;4;Oil;2;1000;Argentina;0,00;0,00;0,00;0,00;Yes, But Type Not Known;Not Applicable;0;Ultranav Naviera Ltda;Chile;248;2004-02;0,000;2018-06-05;2004-05;27,900;701006423;Antares Naviera SA;1487897;2003-09;Oil Engine(s), Geared Drive;0;Antares Naviera SA;1487897;0;;;20;12,00;Towing/Pushing, Inland Waterways;;Keppel Singmarine Pte Ltd;SNG034124;Antares Naviera SA;1487897;In Service/Commission;Antares Naviera SA;1487897;0;2004
9346419;NICOLAE ZEICU;;;;;;6,00;6,200;6,000;2005-06;0;YQZD;;Germany;0;2005-06;2,7;134;  Unknown;9991001;;2,200;0;Caterpillar Inc - USA;;Caterpillar;;0;4;Oil;2;1800;Romania;0,00;0,00;0,00;0,00;Yes, But Type Not Known;Not Applicable;0;Romania Govt;Romania;111;2004-10;0,000;2017-01-18;;24,700;264900103;Constanta Port;1248697;2004-05;Oil Engine(s), Geared Drive;0;Constanta Port;1248697;0;;;0;10,00;Other Activities, Inland Waterways;;Fassmer Fr GmbH & Co KG - GEU;GEU204050;Constanta Port;1248697;In Service/Commission;  Unknown;9991001;0;2005
9465069;RL-30;;;;;;4,25;0,000;4,250;2007-12;0;;;United Arab Emirates;0;2007-12;1,85;0;  Unknown;9991001;;1,260;131;AB Volvo Penta - Sweden;6;Volvo Penta;D12;150;4;Oil;2;1900;Qatar;0,00;0,00;0,00;0,00;Yes, But Type Not Known;Not Applicable;0;Svitzer A/S;Denmark;20;2007-06;0,000;2016-03-02;2007-12;14,500;;Manwijs WLL;4038686;2007-06;Oil Engine(s), Geared Drive;0;Nakilat SvitzerWijsmuller WLL;4116925;0;;;0;10,00;Other Activities, Inland Waterways;;Albwardy Marine Engineering;UAE010050;Manwijs WLL;4038686;In Service/Commission;  Unknown;9991001;0;2007
9465071;RL-31;;;;;;4,25;0,000;4,250;2008-02;0;;;United Arab Emirates;0;2008-02;1,85;0;  Unknown;9991001;;1,260;131;AB Volvo Penta - Sweden;6;Volvo Penta;D12;150;4;Oil;2;1900;Qatar;0,00;0,00;0,00;0,00;Yes, But Type Not Known;Not Applicable;0;Svitzer A/S;Denmark;20;2007-06;0,000;2016-03-02;2008-02;14,500;;Manwijs WLL;4038686;2007-06;Oil Engine(s), Geared Drive;0;Nakilat SvitzerWijsmuller WLL;4116925;0;;;0;10,00;Other Activities, Inland Waterways;;Albwardy Marine Engineering;UAE010050;Manwijs WLL;4038686;In Service/Commission;  Unknown;9991001;0;2008
9465083;RL-32;;;;;;4,25;0,000;4,250;2008-02;0;;;United Arab Emirates;0;2008-02;1,85;0;  Unknown;9991001;;1,260;131;AB Volvo Penta - Sweden;6;Volvo Penta;D12;150;4;Oil;2;1900;Qatar;0,00;0,00;0,00;0,00;Yes, But Type Not Known;Not Applicable;0;Svitzer A/S;Denmark;20;2007-06;0,000;2016-03-02;2008-01;14,500;;Manwijs WLL;4038686;2007-06;Oil Engine(s), Geared Drive;0;Nakilat SvitzerWijsmuller WLL;4116925;0;;;0;10,00;Other Activities, Inland Waterways;;Albwardy Marine Engineering;UAE010050;Manwijs WLL;4038686;In Service/Commission;  Unknown;9991001;0;2008
9549750;STOVE;Perkins;Perkins;422TGM;;25;9,50;9,680;9,500;2009-06;0;DD5649;;Germany;0;2009-06;1,9;379;  Unknown;9991001;;1,300;128;MAN Nutzfahrzeuge AG - Nuernberg;6;MAN;D2876LE;166;4;Oil;2;1800;Germany;0,00;0,00;0,00;0,00;Yes, But Type Not Known;Not Applicable;0;  Unknown;;0;2008-04;0,000;2018-11-08;2009-05;36,000;211459410;Germany Govt Wasser Lauenburg;4153458;2008-00;Oil Engine(s), Geared Drive;0;Germany Govt Wasser Lauenburg;4153458;0;;;0;13,00;Dredging, Inland Waterways;;Tangermuende - Genthin;GEU023070;Germany Govt Wasser Lauenburg;4153458;In Service/Commission;  Unknown;9991001;0;2009
9559298;MINI CAT 1003;;;;;;3,08;3,100;3,080;2009-12;0;;;Netherlands;2;2009-12;1,5;13;  Unknown;9991001;;0,995;128;MAN Nutzfahrzeuge AG - Nuernberg;6;MAN;D2866E;155;4;Oil;1;1500;Niger;0,00;0,00;0,00;0,00;Yes, But Type Not Known;Not Applicable;0;  Unknown;;15;2008-12;0,000;2018-12-12;2009-06;10,430;;MFW Dredging & Marine Niger;4157291;2008-00;Oil Engine(s), Geared Drive;0;MFW Dredging & Marine Niger;4157291;0;;;0;10,00;Other Activities, Inland Waterways;;Scheepsbouwers Maritiem BV;NTHA37050;MFW Dredging & Marine Niger;4157291;In Service/Commission;  Unknown;9991001;0;2009
9632739;ENDURANCE;;;;;;0,00;0,000;0,000;2011-07;0;WDF8331;;United States Of America;0;2011-07;0;0;  Unknown;9991001;;0,000;0;Caterpillar Inc - USA;;Caterpillar;;0;4;Oil;1;;United States Of America;0,00;0,00;0,00;0,00;Yes, But Type Not Known;Not Applicable;0;Teppco Partners LP;United States Of America;230;;0,000;2012-03-21;;0,000;367493740;Enterprise Marine Services LLC;5486078;2011-01;Oil Engine(s), Geared Drive;0;Enterprise Marine Services LLC;5486078;0;;;0;0,00;Towing/Pushing, Inland Waterways;;John Bludworth;USAH77050;Enterprise Marine Services LLC;5486078;In Service/Commission;Enterprise Marine Services LLC;5486078;0;2011
9715189;YERUTI I;;;;;;15,00;15,070;15,000;2019-05;0;ZPUJ;LR;Paraguay;1457;;3,8;0;;;;2,600;200;Wartsila Finland Oy - Finland;8;Wartsila;8L20;280;4;Oil;3;1000;Paraguay;0,00;0,00;0,00;0,00;Yes, But Type Not Known;Not Applicable;0;  Unknown;;712;2014-06;0,000;2018-12-31;2016-10;48,400;755120000;Yeruti Naviera SA;4198114;2013-01;Oil Engine(s), Geared Drive;0;Yeruti Naviera SA;4198114;0;;;0;0,00;Towing/Pushing, Inland Waterways;;La Barca del Pescador Ast;PAR001050;Yeruti Naviera SA;4198114;Launched;  Unknown;9991001;0;2019
9769594;HERKULES XVII;;;;;;17,50;17,560;17,500;2016-03;0;ZPUA;NK;Netherlands;1046;2016-03;3;1250;  Unknown;9991001;20200330;0,000;170;Caterpillar Inc - USA;12;Caterpillar;3512C;190;4;Oil;3;1600;Paraguay;0,00;0,00;0,00;0,00;Yes, But Type Not Known;Not Applicable;0;Imperial Shipping Holding;Germany;714;;0,000;2018-11-15;;43,500;755114000;Imperial Shipping Holding;5918201;2014-12;Oil Engine(s), Geared Drive;0;Imperial Shipping Holding;5918201;0;;;0;0,00;Towing/Pushing, Inland Waterways;;VeKa Shipbuilding BV;NTHA31050;Imperial Shipping Holding;5918201;In Service/Commission;Imperial Shipping Holding;5918201;0;2016
9769609;HERKULES XVIII;;;;;;17,50;17,560;17,500;2016-03;0;;NK;Netherlands;1046;2016-03;3;1250;  Unknown;9991001;20220330;0,000;170;Caterpillar Inc - USA;12;Caterpillar;3512C;190;4;Oil;3;1600;Paraguay;0,00;0,00;0,00;0,00;Yes, But Type Not Known;Not Applicable;0;Imperial Shipping Holding;Germany;714;;0,000;2018-11-15;;43,500;;Imperial Shipping Holding;5918201;2014-12;Oil Engine(s), Geared Drive;0;Imperial Shipping Holding;5918201;0;;;0;0,00;Towing/Pushing, Inland Waterways;;VeKa Shipbuilding BV;NTHA31050;Imperial Shipping Holding;5918201;In Service/Commission;Imperial Shipping Holding;5918201;0;2016
9840233;THREE ANGLE TAM-038;;;;;;8,00;8,020;8,000;2019-10;0;;LR;Bangladesh;0;;0;0;;;;1,800;0;AB Volvo Penta - Sweden;;Volvo Penta;;0;;Oil;2;;Bangladesh;0,00;0,00;0,00;0,00;Yes, But Type Not Known;Not Applicable;0;Bangladesh Govt;Bangladesh;185;;0,000;2019-02-28;;24,000;;Bangladesh Inland Water;1418269;2017-09;Oil Engine(s), Geared Drive;0;Bangladesh Inland Water;1418269;0;;;0;0,00;Towing/Pushing, Inland Waterways;;Three Angle Marine Ltd;BNG009054;Bangladesh Inland Water;1418269;On Order/Not Commenced;  Unknown;9991001;0;2019
9840300;THREE ANGLE TAM-045;;;;;;6,50;6,520;6,500;2019-10;0;;LR;Bangladesh;0;;0;0;;;;1,200;0;AB Volvo Penta - Sweden;;Volvo Penta;;0;;Oil;2;;Bangladesh;0,00;0,00;0,00;0,00;Yes, But Type Not Known;Not Applicable;0;Bangladesh Govt;Bangladesh;65;;0,000;2019-02-28;;14,000;;Bangladesh Inland Water;1418269;2017-09;Oil Engine(s), Geared Drive;0;Bangladesh Inland Water;1418269;0;;;0;0,00;Other Activities, Inland Waterways;;Three Angle Marine Ltd;BNG009054;Bangladesh Inland Water;1418269;On Order/Not Commenced;  Unknown;9991001;0;2019
9840312;THREE ANGLE TAM-046;;;;;;6,50;6,520;6,500;2019-10;0;;LR;Bangladesh;0;;0;0;;;;1,200;0;AB Volvo Penta - Sweden;;Volvo Penta;;0;;Oil;2;;Bangladesh;0,00;0,00;0,00;0,00;Yes, But Type Not Known;Not Applicable;0;Bangladesh Govt;Bangladesh;65;;0,000;2019-02-28;;14,000;;Bangladesh Inland Water;1418269;2017-09;Oil Engine(s), Geared Drive;0;Bangladesh Inland Water;1418269;0;;;0;0,00;Other Activities, Inland Waterways;;Three Angle Marine Ltd;BNG009054;Bangladesh Inland Water;1418269;On Order/Not Commenced;  Unknown;9991001;0;2019
9840324;THREE ANGLE TAM-047;;;;;;6,50;6,520;6,500;2019-03;0;;LR;Bangladesh;0;;0;0;;;;1,200;0;AB Volvo Penta - Sweden;;Volvo Penta;;0;;Oil;2;;Bangladesh;0,00;0,00;0,00;0,00;Yes, But Type Not Known;Not Applicable;0;Bangladesh Govt;Bangladesh;65;;0,000;2018-06-29;;14,000;;Bangladesh Inland Water;1418269;2017-09;Oil Engine(s), Geared Drive;0;Bangladesh Inland Water;1418269;0;;;0;0,00;Other Activities, Inland Waterways;;Three Angle Marine Ltd;BNG009054;Bangladesh Inland Water;1418269;On Order/Not Commenced;  Unknown;9991001;0;2019
9840336;THREE ANGLE TAM-048;;;;;;6,50;6,520;6,500;2019-05;0;;LR;Bangladesh;0;;0;0;;;;1,200;0;AB Volvo Penta - Sweden;;Volvo Penta;;0;;Oil;2;;Bangladesh;0,00;0,00;0,00;0,00;Yes, But Type Not Known;Not Applicable;0;Bangladesh Govt;Bangladesh;65;;0,000;2018-06-29;;14,000;;Bangladesh Inland Water;1418269;2017-09;Oil Engine(s), Geared Drive;0;Bangladesh Inland Water;1418269;0;;;0;0,00;Other Activities, Inland Waterways;;Three Angle Marine Ltd;BNG009054;Bangladesh Inland Water;1418269;On Order/Not Commenced;  Unknown;9991001;0;2019
9840348;THREE ANGLE TAM-049;;;;;;6,50;6,520;6,500;2019-07;0;;LR;Bangladesh;0;;0;0;;;;1,200;0;AB Volvo Penta - Sweden;;Volvo Penta;;0;;Oil;2;;Bangladesh;0,00;0,00;0,00;0,00;Yes, But Type Not Known;Not Applicable;0;Bangladesh Govt;Bangladesh;65;;0,000;2018-06-29;;14,000;;Bangladesh Inland Water;1418269;2017-09;Oil Engine(s), Geared Drive;0;Bangladesh Inland Water;1418269;0;;;0;0,00;Other Activities, Inland Waterways;;Three Angle Marine Ltd;BNG009054;Bangladesh Inland Water;1418269;On Order/Not Commenced;  Unknown;9991001;0;2019
9846550;KARNAFULY 248;;;;;;7,60;0,000;7,600;2019-09;0;;LR;Bangladesh;0;;2,5;0;;;;1,200;125;Cummins India Ltd - India;6;Cummins;QSM11;147;4;Oil;2;2300;Bangladesh;0,00;0,00;0,00;0,00;Yes, But Type Not Known;Not Applicable;0;Bangladesh Govt;Bangladesh;74;;0,000;2017-12-22;;16,500;;Bangladesh Inland Water;1418269;2017-12;Oil Engine(s), Geared Drive;0;Bangladesh Inland Water;1418269;0;;;0;0,00;Other Activities, Inland Waterways;;Karnafuly Ship Builders Ltd;BNG017050;Bangladesh Inland Water;1418269;On Order/Not Commenced;  Unknown;9991001;0;2019
9846562;KARNAFULY 249;;;;;;7,60;0,000;7,600;2019-09;0;;LR;Bangladesh;0;;2,5;0;;;;1,200;125;Cummins India Ltd - India;6;Cummins;QSM11;147;4;Oil;2;2300;Bangladesh;0,00;0,00;0,00;0,00;Yes, But Type Not Known;Not Applicable;0;Bangladesh Govt;Bangladesh;74;;0,000;2017-12-22;;16,500;;Bangladesh Inland Water;1418269;2017-12;Oil Engine(s), Geared Drive;0;Bangladesh Inland Water;1418269;0;;;0;0,00;Other Activities, Inland Waterways;;Karnafuly Ship Builders Ltd;BNG017050;Bangladesh Inland Water;1418269;On Order/Not Commenced;  Unknown;9991001;0;2019
9846574;KARNAFULY 250;;;;;;7,60;0,000;7,600;2019-09;0;;LR;Bangladesh;0;;2,5;0;;;;1,200;125;Cummins India Ltd - India;6;Cummins;QSM11;147;4;Oil;2;2300;Bangladesh;0,00;0,00;0,00;0,00;Yes, But Type Not Known;Not Applicable;0;Bangladesh Govt;Bangladesh;74;;0,000;2017-12-22;;16,500;;Bangladesh Inland Water;1418269;2017-12;Oil Engine(s), Geared Drive;0;Bangladesh Inland Water;1418269;0;;;0;0,00;Other Activities, Inland Waterways;;Karnafuly Ship Builders Ltd;BNG017050;Bangladesh Inland Water;1418269;On Order/Not Commenced;  Unknown;9991001;0;2019
9846586;KARNAFULY 251;;;;;;7,60;0,000;7,600;2019-09;0;;LR;Bangladesh;0;;2,5;0;;;;1,200;125;Cummins India Ltd - India;6;Cummins;QSM11;147;4;Oil;2;2300;Bangladesh;0,00;0,00;0,00;0,00;Yes, But Type Not Known;Not Applicable;0;Bangladesh Govt;Bangladesh;74;;0,000;2017-12-22;;16,500;;Bangladesh Inland Water;1418269;2017-12;Oil Engine(s), Geared Drive;0;Bangladesh Inland Water;1418269;0;;;0;0,00;Other Activities, Inland Waterways;;Karnafuly Ship Builders Ltd;BNG017050;Bangladesh Inland Water;1418269;On Order/Not Commenced;  Unknown;9991001;0;2019
9846598;KARNAFULY 252;;;;;;7,60;0,000;7,600;2019-09;0;;LR;Bangladesh;0;;2,5;0;;;;1,200;125;Cummins India Ltd - India;6;Cummins;QSM11;147;4;Oil;2;2300;Bangladesh;0,00;0,00;0,00;0,00;Yes, But Type Not Known;Not Applicable;0;Bangladesh Govt;Bangladesh;74;;0,000;2017-12-22;;16,500;;Bangladesh Inland Water;1418269;2017-12;Oil Engine(s), Geared Drive;0;Bangladesh Inland Water;1418269;0;;;0;0,00;Other Activities, Inland Waterways;;Karnafuly Ship Builders Ltd;BNG017050;Bangladesh Inland Water;1418269;On Order/Not Commenced;  Unknown;9991001;0;2019
9846603;KARNAFULY 253;;;;;;8,00;0,000;8,000;2019-09;0;;LR;Bangladesh;35;;3,65;0;;;;1,850;144;AB Volvo Penta - Sweden;6;Volvo Penta;D16MH;165;4;Oil;2;1900;Bangladesh;0,00;0,00;0,00;0,00;Yes, But Type Not Known;Not Applicable;0;Bangladesh Govt;Bangladesh;190;;0,000;2017-12-22;;26,500;;Bangladesh Inland Water;1418269;2017-12;Oil Engine(s), Geared Drive;0;Bangladesh Inland Water;1418269;0;;;0;0,00;Towing/Pushing, Inland Waterways;;Karnafuly Ship Builders Ltd;BNG017050;Bangladesh Inland Water;1418269;On Order/Not Commenced;  Unknown;9991001;0;2019
9846615;KARNAFULY 254;;;;;;8,00;0,000;8,000;2019-09;0;;LR;Bangladesh;35;;3,65;0;;;;1,850;144;AB Volvo Penta - Sweden;6;Volvo Penta;D16MH;165;4;Oil;2;1900;Bangladesh;0,00;0,00;0,00;0,00;Yes, But Type Not Known;Not Applicable;0;Bangladesh Govt;Bangladesh;190;;0,000;2017-12-22;;26,500;;Bangladesh Inland Water;1418269;2017-12;Oil Engine(s), Geared Drive;0;Bangladesh Inland Water;1418269;0;;;0;0,00;Towing/Pushing, Inland Waterways;;Karnafuly Ship Builders Ltd;BNG017050;Bangladesh Inland Water;1418269;On Order/Not Commenced;  Unknown;9991001;0;2019
9846627;KARNAFULY 255;;;;;;8,00;0,000;8,000;2019-09;0;;LR;Bangladesh;35;;3,65;0;;;;1,850;144;AB Volvo Penta - Sweden;6;Volvo Penta;D16MH;165;4;Oil;2;1900;Bangladesh;0,00;0,00;0,00;0,00;Yes, But Type Not Known;Not Applicable;0;Bangladesh Govt;Bangladesh;190;;0,000;2017-12-22;;26,500;;Bangladesh Inland Water;1418269;2017-12;Oil Engine(s), Geared Drive;0;Bangladesh Inland Water;1418269;0;;;0;0,00;Towing/Pushing, Inland Waterways;;Karnafuly Ship Builders Ltd;BNG017050;Bangladesh Inland Water;1418269;On Order/Not Commenced;  Unknown;9991001;0;2019
9846639;KARNAFULY 256;;;;;;8,00;0,000;8,000;2019-09;0;;LR;Bangladesh;35;;3,65;0;;;;1,850;144;AB Volvo Penta - Sweden;6;Volvo Penta;D16MH;165;4;Oil;2;1900;Bangladesh;0,00;0,00;0,00;0,00;Yes, But Type Not Known;Not Applicable;0;Bangladesh Govt;Bangladesh;190;;0,000;2017-12-22;;26,500;;Bangladesh Inland Water;1418269;2017-12;Oil Engine(s), Geared Drive;0;Bangladesh Inland Water;1418269;0;;;0;0,00;Towing/Pushing, Inland Waterways;;Karnafuly Ship Builders Ltd;BNG017050;Bangladesh Inland Water;1418269;On Order/Not Commenced;  Unknown;9991001;0;2019
9846641;KARNAFULY 257;;;;;;8,00;0,000;8,000;2019-09;0;;LR;Bangladesh;35;;3,65;0;;;;1,850;144;AB Volvo Penta - Sweden;6;Volvo Penta;D16MH;165;4;Oil;2;1900;Bangladesh;0,00;0,00;0,00;0,00;Yes, But Type Not Known;Not Applicable;0;Bangladesh Govt;Bangladesh;190;;0,000;2017-12-22;;26,500;;Bangladesh Inland Water;1418269;2017-12;Oil Engine(s), Geared Drive;0;Bangladesh Inland Water;1418269;0;;;0;0,00;Towing/Pushing, Inland Waterways;;Karnafuly Ship Builders Ltd;BNG017050;Bangladesh Inland Water;1418269;On Order/Not Commenced;  Unknown;9991001;0;2019
9846653;KARNAFULY 258;;;;;;4,00;0,000;4,000;2019-09;0;;LR;Bangladesh;0;;1,8;0;;;;0,700;125;Cummins India Ltd - India;6;Cummins;QSM11;147;4;Oil;1;2300;Bangladesh;0,00;0,00;0,00;0,00;Yes, But Type Not Known;Not Applicable;0;Bangladesh Govt;Bangladesh;31;;0,000;2017-12-22;;12,500;;Bangladesh Inland Water;1418269;2017-12;Oil Engine(s), Geared Drive;0;Bangladesh Inland Water;1418269;0;;;0;9,00;Research, Inland Waterways;;Karnafuly Ship Builders Ltd;BNG017050;Bangladesh Inland Water;1418269;On Order/Not Commenced;  Unknown;9991001;0;2019
9846665;KARNAFULY 259;;;;;;4,00;0,000;4,000;2019-09;0;;LR;Bangladesh;0;;1,8;0;;;;0,700;125;Cummins India Ltd - India;6;Cummins;QSM11;147;4;Oil;1;2300;Bangladesh;0,00;0,00;0,00;0,00;Yes, But Type Not Known;Not Applicable;0;Bangladesh Govt;Bangladesh;31;;0,000;2017-12-22;;12,500;;Bangladesh Inland Water;1418269;2017-12;Oil Engine(s), Geared Drive;0;Bangladesh Inland Water;1418269;0;;;0;9,00;Research, Inland Waterways;;Karnafuly Ship Builders Ltd;BNG017050;Bangladesh Inland Water;1418269;On Order/Not Commenced;  Unknown;9991001;0;2019
9846677;KARNAFULY 260;;;;;;4,00;0,000;4,000;2019-09;0;;LR;Bangladesh;0;;1,8;0;;;;0,700;125;Cummins India Ltd - India;6;Cummins;QSM11;147;4;Oil;1;2300;Bangladesh;0,00;0,00;0,00;0,00;Yes, But Type Not Known;Not Applicable;0;Bangladesh Govt;Bangladesh;31;;0,000;2017-12-22;;12,500;;Bangladesh Inland Water;1418269;2017-12;Oil Engine(s), Geared Drive;0;Bangladesh Inland Water;1418269;0;;;0;9,00;Research, Inland Waterways;;Karnafuly Ship Builders Ltd;BNG017050;Bangladesh Inland Water;1418269;On Order/Not Commenced;  Unknown;9991001;0;2019
9846689;KARNAFULY 261;;;;;;4,00;0,000;4,000;2019-09;0;;LR;Bangladesh;0;;1,8;0;;;;0,700;125;Cummins India Ltd - India;6;Cummins;QSM11;147;4;Oil;1;2300;Bangladesh;0,00;0,00;0,00;0,00;Yes, But Type Not Known;Not Applicable;0;Bangladesh Govt;Bangladesh;31;;0,000;2017-12-22;;12,500;;Bangladesh Inland Water;1418269;2017-12;Oil Engine(s), Geared Drive;0;Bangladesh Inland Water;1418269;0;;;0;9,00;Research, Inland Waterways;;Karnafuly Ship Builders Ltd;BNG017050;Bangladesh Inland Water;1418269;On Order/Not Commenced;  Unknown;9991001;0;2019
9846691;KARNAFULY 262;;;;;;4,00;0,000;4,000;2019-09;0;;LR;Bangladesh;0;;1,8;0;;;;0,700;125;Cummins India Ltd - India;6;Cummins;QSM11;147;4;Oil;1;2300;Bangladesh;0,00;0,00;0,00;0,00;Yes, But Type Not Known;Not Applicable;0;Bangladesh Govt;Bangladesh;31;;0,000;2017-12-22;;12,500;;Bangladesh Inland Water;1418269;2017-12;Oil Engine(s), Geared Drive;0;Bangladesh Inland Water;1418269;0;;;0;9,00;Research, Inland Waterways;;Karnafuly Ship Builders Ltd;BNG017050;Bangladesh Inland Water;1418269;On Order/Not Commenced;  Unknown;9991001;0;2019
9846706;KARNAFULY 263;;;;;;4,00;0,000;4,000;2019-09;0;;LR;Bangladesh;0;;1,8;0;;;;0,700;125;Cummins India Ltd - India;6;Cummins;QSM11;147;4;Oil;1;2300;Bangladesh;0,00;0,00;0,00;0,00;Yes, But Type Not Known;Not Applicable;0;Bangladesh Govt;Bangladesh;31;;0,000;2017-12-22;;12,500;;Bangladesh Inland Water;1418269;2017-12;Oil Engine(s), Geared Drive;0;Bangladesh Inland Water;1418269;0;;;0;9,00;Research, Inland Waterways;;Karnafuly Ship Builders Ltd;BNG017050;Bangladesh Inland Water;1418269;On Order/Not Commenced;  Unknown;9991001;0;2019
9846718;KARNAFULY 264;;;;;;4,00;0,000;4,000;2019-09;0;;LR;Bangladesh;0;;1,8;0;;;;0,700;125;Cummins India Ltd - India;6;Cummins;QSM11;147;4;Oil;1;2300;Bangladesh;0,00;0,00;0,00;0,00;Yes, But Type Not Known;Not Applicable;0;Bangladesh Govt;Bangladesh;31;;0,000;2017-12-22;;12,500;;Bangladesh Inland Water;1418269;2017-12;Oil Engine(s), Geared Drive;0;Bangladesh Inland Water;1418269;0;;;0;9,00;Research, Inland Waterways;;Karnafuly Ship Builders Ltd;BNG017050;Bangladesh Inland Water;1418269;On Order/Not Commenced;  Unknown;9991001;0;2019
9846720;KARNAFULY 265;;;;;;4,00;0,000;4,000;2019-09;0;;LR;Bangladesh;0;;1,8;0;;;;0,700;125;Cummins India Ltd - India;6;Cummins;QSM11;147;4;Oil;1;2300;Bangladesh;0,00;0,00;0,00;0,00;Yes, But Type Not Known;Not Applicable;0;Bangladesh Govt;Bangladesh;31;;0,000;2017-12-22;;12,500;;Bangladesh Inland Water;1418269;2017-12;Oil Engine(s), Geared Drive;0;Bangladesh Inland Water;1418269;0;;;0;9,00;Research, Inland Waterways;;Karnafuly Ship Builders Ltd;BNG017050;Bangladesh Inland Water;1418269;On Order/Not Commenced;  Unknown;9991001;0;2019
9846732;KARNAFULY 266;;;;;;4,00;0,000;4,000;2019-09;0;;LR;Bangladesh;0;;1,8;0;;;;0,700;125;Cummins India Ltd - India;6;Cummins;QSM11;147;4;Oil;1;2300;Bangladesh;0,00;0,00;0,00;0,00;Yes, But Type Not Known;Not Applicable;0;Bangladesh Govt;Bangladesh;31;;0,000;2017-12-22;;12,500;;Bangladesh Inland Water;1418269;2017-12;Oil Engine(s), Geared Drive;0;Bangladesh Inland Water;1418269;0;;;0;9,00;Research, Inland Waterways;;Karnafuly Ship Builders Ltd;BNG017050;Bangladesh Inland Water;1418269;On Order/Not Commenced;  Unknown;9991001;0;2019
9846744;KARNAFULY 267;;;;;;4,00;0,000;4,000;2019-09;0;;LR;Bangladesh;0;;1,8;0;;;;0,700;125;Cummins India Ltd - India;6;Cummins;QSM11;147;4;Oil;1;2300;Bangladesh;0,00;0,00;0,00;0,00;Yes, But Type Not Known;Not Applicable;0;Bangladesh Govt;Bangladesh;31;;0,000;2017-12-22;;12,500;;Bangladesh Inland Water;1418269;2017-12;Oil Engine(s), Geared Drive;0;Bangladesh Inland Water;1418269;0;;;0;9,00;Research, Inland Waterways;;Karnafuly Ship Builders Ltd;BNG017050;Bangladesh Inland Water;1418269;On Order/Not Commenced;  Unknown;9991001;0;2019
9846811;KARNAFULY 307;;;;;;7,00;0,000;7,000;2019-09;0;;LR;Bangladesh;0;;2,2;0;;;;1,200;125;Cummins India Ltd - India;6;Cummins;QSM11;147;4;Oil;2;2300;Bangladesh;0,00;0,00;0,00;0,00;Yes, But Type Not Known;Not Applicable;0;Bangladesh Govt;Bangladesh;52;;0,000;2017-12-22;;15,000;;Bangladesh Inland Water;1418269;2017-12;Oil Engine(s), Geared Drive;0;Bangladesh Inland Water;1418269;0;;;0;7,50;Other Activities, Inland Waterways;;Karnafuly Ship Builders Ltd;BNG017050;Bangladesh Inland Water;1418269;On Order/Not Commenced;  Unknown;9991001;0;2019
9846823;KARNAFULY 308;;;;;;7,00;0,000;7,000;2019-09;0;;LR;Bangladesh;0;;2,2;0;;;;1,200;125;Cummins India Ltd - India;6;Cummins;QSM11;147;4;Oil;2;2300;Bangladesh;0,00;0,00;0,00;0,00;Yes, But Type Not Known;Not Applicable;0;Bangladesh Govt;Bangladesh;52;;0,000;2017-12-22;;15,000;;Bangladesh Inland Water;1418269;2017-12;Oil Engine(s), Geared Drive;0;Bangladesh Inland Water;1418269;0;;;0;7,50;Other Activities, Inland Waterways;;Karnafuly Ship Builders Ltd;BNG017050;Bangladesh Inland Water;1418269;On Order/Not Commenced;  Unknown;9991001;0;2019
9846835;KARNAFULY 309;;;;;;7,00;0,000;7,000;2019-09;0;;LR;Bangladesh;0;;2,2;0;;;;1,200;125;Cummins India Ltd - India;6;Cummins;QSM11;147;4;Oil;2;2300;Bangladesh;0,00;0,00;0,00;0,00;Yes, But Type Not Known;Not Applicable;0;Bangladesh Govt;Bangladesh;52;;0,000;2017-12-22;;15,000;;Bangladesh Inland Water;1418269;2017-12;Oil Engine(s), Geared Drive;0;Bangladesh Inland Water;1418269;0;;;0;7,50;Other Activities, Inland Waterways;;Karnafuly Ship Builders Ltd;BNG017050;Bangladesh Inland Water;1418269;On Order/Not Commenced;  Unknown;9991001;0;2019
9846847;KARNAFULY 310;;;;;;7,00;0,000;7,000;2019-09;0;;LR;Bangladesh;0;;2,2;0;;;;1,200;125;Cummins India Ltd - India;6;Cummins;QSM11;147;4;Oil;2;2300;Bangladesh;0,00;0,00;0,00;0,00;Yes, But Type Not Known;Not Applicable;0;Bangladesh Govt;Bangladesh;52;;0,000;2017-12-22;;15,000;;Bangladesh Inland Water;1418269;2017-12;Oil Engine(s), Geared Drive;0;Bangladesh Inland Water;1418269;0;;;0;7,50;Other Activities, Inland Waterways;;Karnafuly Ship Builders Ltd;BNG017050;Bangladesh Inland Water;1418269;On Order/Not Commenced;  Unknown;9991001;0;2019
9846859;KARNAFULY 311;;;;;;7,00;0,000;7,000;2019-09;0;;LR;Bangladesh;0;;2,2;0;;;;1,200;125;Cummins India Ltd - India;6;Cummins;QSM11;147;4;Oil;2;2300;Bangladesh;0,00;0,00;0,00;0,00;Yes, But Type Not Known;Not Applicable;0;Bangladesh Govt;Bangladesh;52;;0,000;2017-12-22;;15,000;;Bangladesh Inland Water;1418269;2017-12;Oil Engine(s), Geared Drive;0;Bangladesh Inland Water;1418269;0;;;0;7,50;Other Activities, Inland Waterways;;Karnafuly Ship Builders Ltd;BNG017050;Bangladesh Inland Water;1418269;On Order/Not Commenced;  Unknown;9991001;0;2019
9846861;KARNAFULY 312;;;;;;8,00;0,000;8,000;2019-09;0;;LR;Bangladesh;0;;3,65;0;;;;2,250;170;Yanmar Diesel Engine Co Ltd - Japan;6;Yanmar;6EY17W;230;4;Oil;2;1450;Bangladesh;0,00;0,00;0,00;0,00;Yes, But Type Not Known;Not Applicable;0;Bangladesh Govt;Bangladesh;215;;0,000;2017-12-22;;27,700;;Bangladesh Inland Water;1418269;2017-12;Oil Engine(s), Geared Drive;0;Bangladesh Inland Water;1418269;0;;;0;0,00;Other Activities, Inland Waterways;;Karnafuly Ship Builders Ltd;BNG017050;Bangladesh Inland Water;1418269;On Order/Not Commenced;  Unknown;9991001;0;2019
9846873;KARNAFULY 313;;;;;;8,00;0,000;8,000;2019-09;0;;LR;Bangladesh;0;;3,65;0;;;;2,250;170;Yanmar Diesel Engine Co Ltd - Japan;6;Yanmar;6EY17W;230;4;Oil;2;1450;Bangladesh;0,00;0,00;0,00;0,00;Yes, But Type Not Known;Not Applicable;0;Bangladesh Govt;Bangladesh;215;;0,000;2017-12-22;;27,700;;Bangladesh Inland Water;1418269;2017-12;Oil Engine(s), Geared Drive;0;Bangladesh Inland Water;1418269;0;;;0;0,00;Other Activities, Inland Waterways;;Karnafuly Ship Builders Ltd;BNG017050;Bangladesh Inland Water;1418269;On Order/Not Commenced;  Unknown;9991001;0;2019
9846885;KARNAFULY 314;;;;;;8,00;0,000;8,000;2019-09;0;;LR;Bangladesh;0;;3,65;0;;;;2,250;170;Yanmar Diesel Engine Co Ltd - Japan;6;Yanmar;6EY17W;230;4;Oil;2;1450;Bangladesh;0,00;0,00;0,00;0,00;Yes, But Type Not Known;Not Applicable;0;Bangladesh Govt;Bangladesh;215;;0,000;2017-12-22;;27,700;;Bangladesh Inland Water;1418269;2017-12;Oil Engine(s), Geared Drive;0;Bangladesh Inland Water;1418269;0;;;0;0,00;Other Activities, Inland Waterways;;Karnafuly Ship Builders Ltd;BNG017050;Bangladesh Inland Water;1418269;On Order/Not Commenced;  Unknown;9991001;0;2019
9846897;KARNAFULY 315;;;;;;6,50;0,000;6,500;2019-09;0;;LR;Bangladesh;0;;2,8;0;;;;1,400;125;Cummins India Ltd - India;6;Cummins;QSM11;147;4;Oil;2;2300;Bangladesh;0,00;0,00;0,00;0,00;Yes, But Type Not Known;Not Applicable;0;Bangladesh Govt;Bangladesh;120;;0,000;2017-12-26;;25,000;;Bangladesh Inland Water;1418269;2017-12;Oil Engine(s), Geared Drive;0;Bangladesh Inland Water;1418269;0;;;0;10,50;Research, Inland Waterways;;Karnafuly Ship Builders Ltd;BNG017050;Bangladesh Inland Water;1418269;On Order/Not Commenced;  Unknown;9991001;0;2019
9846902;KARNAFULY 316;;;;;;6,50;0,000;6,500;2019-09;0;;LR;Bangladesh;0;;2,8;0;;;;1,400;125;Cummins India Ltd - India;6;Cummins;QSM11;147;4;Oil;2;2300;Bangladesh;0,00;0,00;0,00;0,00;Yes, But Type Not Known;Not Applicable;0;Bangladesh Govt;Bangladesh;120;;0,000;2017-12-26;;25,000;;Bangladesh Inland Water;1418269;2017-12;Oil Engine(s), Geared Drive;0;Bangladesh Inland Water;1418269;0;;;0;10,50;Research, Inland Waterways;;Karnafuly Ship Builders Ltd;BNG017050;Bangladesh Inland Water;1418269;On Order/Not Commenced;  Unknown;9991001;0;2019
9846914;KARNAFULY 317;;;;;;6,50;0,000;6,500;2019-09;0;;LR;Bangladesh;0;;2,8;0;;;;1,400;125;Cummins India Ltd - India;6;Cummins;QSM11;147;4;Oil;2;2300;Bangladesh;0,00;0,00;0,00;0,00;Yes, But Type Not Known;Not Applicable;0;Bangladesh Govt;Bangladesh;120;;0,000;2017-12-26;;25,000;;Bangladesh Inland Water;1418269;2017-12;Oil Engine(s), Geared Drive;0;Bangladesh Inland Water;1418269;0;;;0;10,50;Research, Inland Waterways;;Karnafuly Ship Builders Ltd;BNG017050;Bangladesh Inland Water;1418269;On Order/Not Commenced;  Unknown;9991001;0;2019
9846926;KARNAFULY 318;;;;;;6,50;0,000;6,500;2019-09;0;;LR;Bangladesh;0;;2,8;0;;;;1,400;125;Cummins India Ltd - India;6;Cummins;QSM11;147;4;Oil;2;2300;Bangladesh;0,00;0,00;0,00;0,00;Yes, But Type Not Known;Not Applicable;0;Bangladesh Govt;Bangladesh;120;;0,000;2017-12-26;;25,000;;Bangladesh Inland Water;1418269;2017-12;Oil Engine(s), Geared Drive;0;Bangladesh Inland Water;1418269;0;;;0;10,50;Research, Inland Waterways;;Karnafuly Ship Builders Ltd;BNG017050;Bangladesh Inland Water;1418269;On Order/Not Commenced;  Unknown;9991001;0;2019
9846938;KARNAFULY 319;;;;;;6,50;0,000;6,500;2019-09;0;;LR;Bangladesh;0;;2,8;0;;;;1,400;125;Cummins India Ltd - India;6;Cummins;QSM11;147;4;Oil;2;2300;Bangladesh;0,00;0,00;0,00;0,00;Yes, But Type Not Known;Not Applicable;0;Bangladesh Govt;Bangladesh;120;;0,000;2017-12-26;;25,000;;Bangladesh Inland Water;1418269;2017-12;Oil Engine(s), Geared Drive;0;Bangladesh Inland Water;1418269;0;;;0;10,50;Research, Inland Waterways;;Karnafuly Ship Builders Ltd;BNG017050;Bangladesh Inland Water;1418269;On Order/Not Commenced;  Unknown;9991001;0;2019
9864033;AVL MANUFACTURING 170487;;;;;;0,00;0,000;0,000;2019-04;0;;LR;United States Of America;0;;0;0;;;;0,000;130;Caterpillar Inc - USA;6;Caterpillar;C12;150;4;Oil;2;1800;Canada;0,00;0,00;0,00;0,00;Yes, But Type Not Known;Not Applicable;0;Fraser River Pile & Dredge GP;Canada;36;;0,000;2018-10-01;;12,800;;Fraser River Pile & Dredge GP;5722889;2017-11;Oil Engine(s), Geared Drive;0;Fraser River Pile & Dredge GP;5722889;0;;;0;0,00;Other Activities, Inland Waterways;;SPI/Mobile Pulley Works;USAI49050;Fraser River Pile & Dredge GP;5722889;On Order/Not Commenced;  Unknown;9991001;0;2019
